{
  "changed_error_messages": [
    {
      "message_exact": [
        "Error while running command /shtestwaypoint"
      ],
      "message_starts_with": [
      ],
      "custom_message": "Usage: /shtestwaypoint <x> <y> <z>",
      "affected_versions": [
        "0.27.Beta.15",
        "0.27.Beta.16"
      ],
      "fixed_in": "1.0.0"
    },
    {
      "message_exact": [
      ],
      "message_starts_with": [
        "Caught a IllegalStateException in HoppityEggsManager at LorenzChatEvent: Unknown meal:"
      ],
      "custom_message": "Update your SkyHanni version to the beta so the Hoppity features work correctly, you can use /shupdate beta",
      "affected_versions": [
        "0.27"
      ],
      "fixed_in": "1.0.0"
    }
  ]
}
