{
  "itemid": "minecraft:prismarine_shard",
  "displayname": "§fAttribute Shard",
  "nbttag": "{HideFlags:254,display:{Lore:[0:\"§bMana Pool IV\",1:\"§7Grants §b+80✎ Intelligence§7.\",2:\"\",3:\"§7Combine with items in the\",4:\"§7§bAttribute Fusion §7menu to\",5:\"§7apply attributes.\",6:\"\",7:\"§8§l* §8Co-op Soulbound §8§l*\",8:\"§f§lCOMMON\"],Name:\"§fAttribute Shard\"},ExtraAttributes:{attributes:{mana_pool:4},id:\"ATTRIBUTE_SHARD_MANA_POOL;4\"}}",
  "damage": 0,
  "lore": [
    "§bMana Pool IV",
    "§7Grants §b+80✎ Intelligence§7.",
    "",
    "§7Combine with items in the",
    "§7§bAttribute Fusion §7menu to",
    "§7apply attributes.",
    "",
    "§8§l* §8Co-op Soulbound §8§l*",
    "§f§lCOMMON"
  ],
  "internalname": "ATTRIBUTE_SHARD_MANA_POOL;4",
  "crafttext": "",
  "clickcommand": "",
  "modver": "2.5.0",
  "infoType": "WIKI_URL",
  "info": [
    "https://hypixel-skyblock.fandom.com/wiki/Attributes#List_of_Attributes",
    "https://wiki.hypixel.net/Attributes#All_Attributes"
  ]
}