{
  "itemid": "minecraft:prismarine_shard",
  "displayname": "§fAttribute Shard",
  "nbttag": "{HideFlags:254,display:{Lore:[0:\"§bEnder Resistance VII\",1:\"§7Grants §a+10.5❈ Defense §7against mobs\",2:\"§7in §aThe End§7.\",3:\"\",4:\"§7Combine with items in the §bAttribute\",5:\"§bFusion §7menu to apply attributes.\",6:\"\",7:\"§f§lCOMMON\"],Name:\"§fAttribute Shard\"},ExtraAttributes:{attributes:{ender_resistance:7},id:\"ATTRIBUTE_SHARD_ENDER_RESISTANCE;7\"}}",
  "damage": 0,
  "lore": [
    "§bEnder Resistance VII",
    "§7Grants §a+10.5❈ Defense §7against mobs",
    "§7in §aThe End§7.",
    "",
    "§7Combine with items in the §bAttribute",
    "§bFusion §7menu to apply attributes.",
    "",
    "§f§lCOMMON"
  ],
  "internalname": "ATTRIBUTE_SHARD_ENDER_RESISTANCE;7",
  "crafttext": "",
  "clickcommand": "",
  "modver": "2.5.0",
  "infoType": ""
}