{
  "itemid": "minecraft:prismarine_shard",
  "displayname": "§fAttribute Shard",
  "nbttag": "{HideFlags:254,display:{Lore:[0:\"§bInfection VIII\",1:\"§7Increases the chance of catching\",2:\"§7corrupted sea creatures by §a1.6%§7.\",3:\"\",4:\"§7Combine with items in the §bAttribute\",5:\"§bFusion §7menu to apply attributes.\",6:\"\",7:\"§f§lCOMMON\"],Name:\"§fAttribute Shard\"},ExtraAttributes:{attributes:{infection:8},id:\"ATTRIBUTE_SHARD_INFECTION;8\"}}",
  "damage": 0,
  "lore": [
    "§bInfection VIII",
    "§7Increases the chance of catching",
    "§7corrupted sea creatures by §a1.6%§7.",
    "",
    "§7Combine with items in the §bAttribute",
    "§bFusion §7menu to apply attributes.",
    "",
    "§f§lCOMMON"
  ],
  "internalname": "ATTRIBUTE_SHARD_INFECTION;8",
  "crafttext": "",
  "clickcommand": "",
  "modver": "2.5.0",
  "infoType": ""
}