{
  "itemid": "minecraft:prismarine_shard",
  "displayname": "§fAttribute Shard",
  "nbttag": "{HideFlags:254,display:{Lore:[0:\"§bMana Pool III\",1:\"§7Grants §b+60✎ Intelligence§7.\",2:\"\",3:\"§7Combine with items in the §bAttribute\",4:\"§bFusion §7menu to apply attributes.\",5:\"\",6:\"§f§lCOMMON\"],Name:\"§fAttribute Shard\"},ExtraAttributes:{attributes:{mana_pool:3},id:\"ATTRIBUTE_SHARD_MANA_POOL;3\"}}",
  "damage": 0,
  "lore": [
    "§bMana Pool III",
    "§7Grants §b+60✎ Intelligence§7.",
    "",
    "§7Combine with items in the §bAttribute",
    "§bFusion §7menu to apply attributes.",
    "",
    "§f§lCOMMON"
  ],
  "internalname": "ATTRIBUTE_SHARD_MANA_POOL;3",
  "crafttext": "",
  "clickcommand": "",
  "modver": "2.5.0",
  "infoType": "WIKI_URL",
  "info": [
    "https://hypixel-skyblock.fandom.com/wiki/Attributes#List_of_Attributes",
    "https://wiki.hypixel.net/Attributes#All_Attributes"
  ]
}