{
  "itemid": "minecraft:prismarine_shard",
  "displayname": "§fAttribute Shard",
  "nbttag": "{HideFlags:254,display:{Lore:[0:\"§bHunter IX\",1:\"§7Grants §3+0.9α Sea Creature Chance§7.\",2:\"\",3:\"§7Combine with items in the §bAttribute\",4:\"§bFusion §7menu to apply attributes.\",5:\"\",6:\"§f§lCOMMON\"],Name:\"§fAttribute Shard\"},ExtraAttributes:{attributes:{hunter:9},id:\"ATTRIBUTE_SHARD_HUNTER;9\"}}",
  "damage": 0,
  "lore": [
    "§bHunter IX",
    "§7Grants §3+0.9α Sea Creature Chance§7.",
    "",
    "§7Combine with items in the §bAttribute",
    "§bFusion §7menu to apply attributes.",
    "",
    "§f§lCOMMON"
  ],
  "internalname": "ATTRIBUTE_SHARD_HUNTER;9",
  "crafttext": "",
  "clickcommand": "",
  "modver": "",
  "infoType": ""
}