{
  "0": {
    "Position": "-5.0:75.0:-279.0",
    "Name": "/warp gold",
    "Tags": [
      "teleport"
    ],
    "Neighbours": {
      "155": 6.0,
      "98": 9.43,
      "101": 10.77,
      "129": 15.0,
      "82": 20.12,
      "87": 21.02,
      "3": 27.86
    }
  },
  "1": {
    "Position": "-5.0:75.0:-271.0",
    "Name": "Hub",
    "Tags": [
      "teleport"
    ],
    "Neighbours": {
      "155": 2.0
    }
  },
  "2": {
    "Position": "-26.0:75.0:-295.0",
    "Name": "Gold Forger",
    "Tags": [
      "npc"
    ],
    "Neighbours": {
      "104": 3.74,
      "130": 5.0,
      "7": 7.0,
      "82": 12.17
    }
  },
  "3": {
    "Position": "-15.0:75.0:-305.0",
    "Neighbours": {
      "4": 5.1,
      "82": 8.06,
      "7": 11.4,
      "87": 12.08,
      "6": 13.08,
      "0": 27.86,
      "146": 30.59
    }
  },
  "4": {
    "Position": "-15.0:76.0:-310.0",
    "Neighbours": {
      "5": 5.0,
      "3": 5.1,
      "7": 13.64
    }
  },
  "5": {
    "Position": "-15.0:79.0:-314.0",
    "Neighbours": {
      "4": 5.0,
      "8": 7.0
    }
  },
  "6": {
    "Position": "-2.0:76.0:-306.0",
    "Name": "Iron Forger",
    "Tags": [
      "npc"
    ],
    "Neighbours": {
      "87": 6.4,
      "3": 13.08
    }
  },
  "7": {
    "Position": "-26.0:75.0:-302.0",
    "Neighbours": {
      "67": 4.0,
      "2": 7.0,
      "3": 11.4,
      "82": 13.0,
      "4": 13.64
    }
  },
  "8": {
    "Position": "-15.0:79.0:-321.0",
    "Neighbours": {
      "9": 5.0,
      "11": 5.39,
      "5": 7.0,
      "10": 8.0
    }
  },
  "9": {
    "Position": "-12.0:79.0:-325.0",
    "Neighbours": {
      "8": 5.0,
      "10": 5.0,
      "11": 5.1,
      "12": 6.0
    }
  },
  "10": {
    "Position": "-15.0:79.0:-329.0",
    "Neighbours": {
      "11": 3.61,
      "9": 5.0,
      "8": 8.0,
      "14": 8.25,
      "13": 9.0
    }
  },
  "11": {
    "Position": "-17.0:79.0:-326.0",
    "Neighbours": {
      "158": 2.0,
      "10": 3.61,
      "9": 5.1,
      "8": 5.39
    }
  },
  "12": {
    "Position": "-6.0:79.0:-325.0",
    "Neighbours": {
      "9": 6.0,
      "81": 8.54
    }
  },
  "13": {
    "Position": "-15.0:79.0:-338.0",
    "Neighbours": {
      "14": 2.24,
      "85": 6.4,
      "10": 9.0
    }
  },
  "14": {
    "Position": "-13.0:79.0:-337.0",
    "Name": "Lazy Miner",
    "Tags": [
      "npc"
    ],
    "Neighbours": {
      "13": 2.24,
      "10": 8.25
    }
  },
  "15": {
    "Position": "-15.0:63.0:-355.0",
    "Neighbours": {
      "108": 3.61,
      "21": 7.07,
      "20": 8.66,
      "18": 11.09,
      "84": 11.31,
      "19": 14.04
    }
  },
  "16": {
    "Position": "-13.0:66.0:-381.0",
    "Neighbours": {
      "109": 6.16,
      "156": 10.86
    }
  },
  "17": {
    "Position": "-7.0:69.0:-395.0",
    "Name": "Deep Cavern",
    "Tags": [
      "teleport"
    ],
    "Neighbours": {
      "156": 5.0
    }
  },
  "18": {
    "Position": "-26.0:62.0:-354.0",
    "Neighbours": {
      "23": 5.39,
      "107": 6.08,
      "22": 7.81,
      "15": 11.09
    }
  },
  "19": {
    "Position": "-16.0:63.0:-369.0",
    "Neighbours": {
      "109": 6.63,
      "21": 7.28,
      "22": 10.34,
      "15": 14.04
    }
  },
  "20": {
    "Position": "-8.0:62.0:-360.0",
    "Neighbours": {
      "21": 6.4,
      "24": 7.35,
      "15": 8.66
    }
  },
  "21": {
    "Position": "-14.0:63.0:-362.0",
    "Neighbours": {
      "20": 6.4,
      "15": 7.07,
      "19": 7.28,
      "22": 7.35
    }
  },
  "22": {
    "Position": "-21.0:62.0:-360.0",
    "Neighbours": {
      "108": 4.36,
      "21": 7.35,
      "18": 7.81,
      "19": 10.34
    }
  },
  "23": {
    "Position": "-28.0:59.0:-350.0",
    "Neighbours": {
      "18": 5.39,
      "73": 5.83
    }
  },
  "24": {
    "Position": "-1.0:60.0:-359.0",
    "Neighbours": {
      "20": 7.35,
      "25": 8.6
    }
  },
  "25": {
    "Position": "6.0:57.0:-355.0",
    "Neighbours": {
      "26": 7.35,
      "24": 8.6
    }
  },
  "26": {
    "Position": "8.0:56.0:-348.0",
    "Neighbours": {
      "124": 3.74,
      "25": 7.35
    }
  },
  "27": {
    "Position": "10.0:53.0:-341.0",
    "Neighbours": {
      "124": 4.24,
      "28": 7.68
    }
  },
  "28": {
    "Position": "11.0:50.0:-334.0",
    "Neighbours": {
      "123": 3.0,
      "111": 5.74,
      "27": 7.68
    }
  },
  "29": {
    "Position": "6.0:48.0:-328.0",
    "Neighbours": {
      "122": 4.69,
      "123": 5.1,
      "111": 9.27
    }
  },
  "30": {
    "Position": "-1.0:44.0:-322.0",
    "Neighbours": {
      "122": 5.39,
      "56": 9.06,
      "31": 11.4
    }
  },
  "31": {
    "Position": "-12.0:41.0:-322.0",
    "Neighbours": {
      "32": 6.08,
      "33": 7.14,
      "56": 11.31,
      "30": 11.4
    }
  },
  "32": {
    "Position": "-13.0:41.0:-328.0",
    "Neighbours": {
      "165": 3.74,
      "31": 6.08
    }
  },
  "33": {
    "Position": "-19.0:40.0:-323.0",
    "Neighbours": {
      "34": 6.16,
      "31": 7.14
    }
  },
  "34": {
    "Position": "-22.0:38.0:-328.0",
    "Neighbours": {
      "35": 3.16,
      "33": 6.16,
      "36": 7.14
    }
  },
  "35": {
    "Position": "-22.0:37.0:-331.0",
    "Neighbours": {
      "34": 3.16,
      "38": 3.16,
      "36": 5.39
    }
  },
  "36": {
    "Position": "-27.0:37.0:-333.0",
    "Neighbours": {
      "37": 5.0,
      "35": 5.39,
      "55": 9.17
    }
  },
  "37": {
    "Position": "-24.0:37.0:-337.0",
    "Neighbours": {
      "121": 2.45,
      "36": 5.0,
      "79": 5.0
    }
  },
  "38": {
    "Position": "-19.0:37.0:-332.0",
    "Neighbours": {
      "35": 3.16,
      "164": 5.0,
      "79": 5.0
    }
  },
  "39": {
    "Position": "-10.0:35.0:-342.0",
    "Neighbours": {
      "40": 5.1,
      "78": 5.39,
      "42": 9.27
    }
  },
  "40": {
    "Position": "-7.0:34.0:-346.0",
    "Neighbours": {
      "39": 5.1,
      "41": 7.62,
      "42": 8.49
    }
  },
  "41": {
    "Position": "-10.0:34.0:-353.0",
    "Neighbours": {
      "58": 6.0,
      "40": 7.62
    }
  },
  "42": {
    "Position": "-1.0:34.0:-340.0",
    "Neighbours": {
      "40": 8.49,
      "39": 9.27,
      "43": 9.43
    }
  },
  "43": {
    "Position": "-3.0:32.0:-331.0",
    "Neighbours": {
      "44": 6.4,
      "42": 9.43
    }
  },
  "44": {
    "Position": "-7.0:32.0:-326.0",
    "Neighbours": {
      "43": 6.4,
      "45": 6.56
    }
  },
  "45": {
    "Position": "-10.0:29.0:-321.0",
    "Neighbours": {
      "44": 6.56,
      "46": 7.87
    }
  },
  "46": {
    "Position": "-13.0:27.0:-314.0",
    "Neighbours": {
      "45": 7.87,
      "47": 7.87
    }
  },
  "47": {
    "Position": "-19.0:26.0:-309.0",
    "Neighbours": {
      "51": 3.0,
      "83": 3.16,
      "50": 5.1,
      "46": 7.87
    }
  },
  "48": {
    "Position": "-30.0:25.0:-308.0",
    "Neighbours": {
      "50": 6.08,
      "52": 7.07,
      "49": 8.19,
      "51": 10.1
    }
  },
  "49": {
    "Position": "-27.0:22.0:-315.0",
    "Neighbours": {
      "50": 7.35,
      "48": 8.19,
      "157": 8.31,
      "65": 9.95
    }
  },
  "50": {
    "Position": "-24.0:25.0:-309.0",
    "Neighbours": {
      "51": 4.58,
      "47": 5.1,
      "83": 5.83,
      "48": 6.08,
      "49": 7.35
    }
  },
  "51": {
    "Position": "-20.0:24.0:-307.0",
    "Name": "Pickaxe",
    "Tags": [
      "poi"
    ],
    "Neighbours": {
      "47": 3.0,
      "50": 4.58,
      "48": 10.1
    }
  },
  "52": {
    "Position": "-34.0:28.0:-313.0",
    "Neighbours": {
      "168": 3.32,
      "48": 7.07,
      "53": 9.9
    }
  },
  "53": {
    "Position": "-39.0:31.0:-321.0",
    "Neighbours": {
      "54": 5.39,
      "52": 9.9
    }
  },
  "54": {
    "Position": "-39.0:33.0:-326.0",
    "Neighbours": {
      "53": 5.39,
      "55": 5.39
    }
  },
  "55": {
    "Position": "-35.0:35.0:-329.0",
    "Neighbours": {
      "54": 5.39,
      "36": 9.17
    }
  },
  "56": {
    "Position": "-4.0:41.0:-314.0",
    "Neighbours": {
      "57": 5.74,
      "30": 9.06,
      "31": 11.31
    }
  },
  "57": {
    "Position": "0.0:40.0:-310.0",
    "Neighbours": {
      "169": 5.1,
      "56": 5.74
    }
  },
  "58": {
    "Position": "-14.0:32.0:-357.0",
    "Neighbours": {
      "41": 6.0,
      "59": 9.22
    }
  },
  "59": {
    "Position": "-23.0:32.0:-355.0",
    "Neighbours": {
      "60": 8.94,
      "58": 9.22
    }
  },
  "60": {
    "Position": "-31.0:32.0:-351.0",
    "Neighbours": {
      "61": 5.92,
      "59": 8.94
    }
  },
  "61": {
    "Position": "-34.0:31.0:-346.0",
    "Neighbours": {
      "60": 5.92,
      "62": 6.48
    }
  },
  "62": {
    "Position": "-33.0:26.0:-342.0",
    "Neighbours": {
      "63": 5.92,
      "61": 6.48
    }
  },
  "63": {
    "Position": "-32.0:23.0:-337.0",
    "Neighbours": {
      "62": 5.92,
      "64": 9.11
    }
  },
  "64": {
    "Position": "-33.0:22.0:-328.0",
    "Neighbours": {
      "66": 3.16,
      "65": 6.16,
      "63": 9.11
    }
  },
  "65": {
    "Position": "-34.0:21.0:-322.0",
    "Neighbours": {
      "157": 5.1,
      "64": 6.16,
      "49": 9.95
    }
  },
  "66": {
    "Position": "-30.0:22.0:-327.0",
    "Neighbours": {
      "64": 3.16,
      "157": 4.24
    }
  },
  "67": {
    "Position": "-30.0:75.0:-302.0",
    "Neighbours": {
      "7": 4.0,
      "68": 4.24
    }
  },
  "68": {
    "Position": "-33.0:78.0:-302.0",
    "Neighbours": {
      "67": 4.24,
      "69": 6.32,
      "70": 8.54
    }
  },
  "69": {
    "Position": "-39.0:78.0:-300.0",
    "Name": "Blacksmit",
    "Tags": [
      "npc"
    ],
    "Neighbours": {
      "70": 5.39,
      "68": 6.32
    }
  },
  "70": {
    "Position": "-41.0:78.0:-305.0",
    "Neighbours": {
      "145": 3.0,
      "71": 5.1,
      "69": 5.39,
      "68": 8.54
    }
  },
  "71": {
    "Position": "-40.0:78.0:-310.0",
    "Neighbours": {
      "70": 5.1,
      "72": 17.69
    }
  },
  "72": {
    "Position": "-28.0:78.0:-323.0",
    "Neighbours": {
      "105": 3.74,
      "71": 17.69
    }
  },
  "73": {
    "Position": "-28.0:54.0:-347.0",
    "Neighbours": {
      "160": 2.83,
      "161": 3.74,
      "23": 5.83
    }
  },
  "74": {
    "Position": "-27.0:44.0:-344.0",
    "Neighbours": {
      "75": 3.0,
      "163": 5.1
    }
  },
  "75": {
    "Position": "-25.0:43.0:-342.0",
    "Neighbours": {
      "74": 3.0,
      "76": 4.47
    }
  },
  "76": {
    "Position": "-21.0:41.0:-342.0",
    "Neighbours": {
      "159": 2.83,
      "75": 4.47,
      "77": 5.1
    }
  },
  "77": {
    "Position": "-17.0:38.0:-341.0",
    "Neighbours": {
      "78": 3.74
    }
  },
  "78": {
    "Position": "-14.0:37.0:-339.0",
    "Neighbours": {
      "77": 3.74,
      "164": 4.12,
      "39": 5.39,
      "79": 5.39
    }
  },
  "79": {
    "Position": "-19.0:37.0:-337.0",
    "Neighbours": {
      "121": 3.32,
      "37": 5.0,
      "38": 5.0,
      "78": 5.39
    }
  },
  "80": {
    "Position": "-21.0:79.0:-326.0",
    "Name": "Rusty",
    "Tags": [
      "npc"
    ],
    "Neighbours": {
      "158": 2.0,
      "105": 4.12
    }
  },
  "81": {
    "Position": "2.0:79.0:-322.0",
    "Neighbours": {
      "12": 8.54
    }
  },
  "82": {
    "Position": "-14.0:75.0:-297.0",
    "Neighbours": {
      "3": 8.06,
      "130": 9.43,
      "129": 9.49,
      "87": 10.44,
      "2": 12.17,
      "7": 13.0,
      "0": 20.12
    }
  },
  "83": {
    "Position": "-19.0:25.0:-306.0",
    "Name": "Hoppity",
    "Tags": [
      "hoppity"
    ],
    "Neighbours": {
      "47": 3.16,
      "50": 5.83
    }
  },
  "84": {
    "Position": "-15.0:71.0:-347.0",
    "Neighbours": {
      "85": 5.66,
      "15": 11.31
    }
  },
  "85": {
    "Position": "-15.0:75.0:-343.0",
    "Neighbours": {
      "84": 5.66,
      "13": 6.4
    }
  },
  "86": {
    "Position": "4.0:76.0:-302.0",
    "Neighbours": {
      "88": 4.58,
      "87": 8.31
    }
  },
  "87": {
    "Position": "-4.0:75.0:-300.0",
    "Neighbours": {
      "125": 5.66,
      "6": 6.4,
      "86": 8.31,
      "82": 10.44,
      "3": 12.08,
      "98": 17.46,
      "0": 21.02
    }
  },
  "88": {
    "Position": "6.0:77.0:-306.0",
    "Neighbours": {
      "86": 4.58,
      "89": 4.58
    }
  },
  "89": {
    "Position": "8.0:78.0:-310.0",
    "Neighbours": {
      "90": 3.61,
      "88": 4.58
    }
  },
  "90": {
    "Position": "11.0:80.0:-310.0",
    "Neighbours": {
      "91": 2.83,
      "89": 3.61
    }
  },
  "91": {
    "Position": "13.0:80.0:-308.0",
    "Neighbours": {
      "90": 2.83,
      "92": 7.14
    }
  },
  "92": {
    "Position": "20.0:79.0:-309.0",
    "Neighbours": {
      "93": 5.1,
      "91": 7.14
    }
  },
  "93": {
    "Position": "23.0:83.0:-310.0",
    "Neighbours": {
      "92": 5.1,
      "94": 5.74
    }
  },
  "94": {
    "Position": "28.0:85.0:-308.0",
    "Neighbours": {
      "95": 4.12,
      "93": 5.74
    }
  },
  "95": {
    "Position": "32.0:84.0:-308.0",
    "Neighbours": {
      "94": 4.12,
      "96": 5.83
    }
  },
  "96": {
    "Position": "37.0:81.0:-308.0",
    "Neighbours": {
      "97": 5.1,
      "95": 5.83
    }
  },
  "97": {
    "Position": "41.0:80.0:-311.0",
    "Name": "Hoppity",
    "Tags": [
      "hoppity"
    ],
    "Neighbours": {
      "96": 5.1
    }
  },
  "98": {
    "Position": "3.0:75.0:-284.0",
    "Neighbours": {
      "99": 8.94,
      "0": 9.43,
      "87": 17.46
    }
  },
  "99": {
    "Position": "11.0:75.0:-288.0",
    "Neighbours": {
      "100": 4.47,
      "98": 8.94
    }
  },
  "100": {
    "Position": "15.0:75.0:-290.0",
    "Name": "Hoppity",
    "Tags": [
      "hoppity"
    ],
    "Neighbours": {
      "99": 4.47
    }
  },
  "101": {
    "Position": "-15.0:75.0:-283.0",
    "Neighbours": {
      "129": 5.39,
      "102": 6.08,
      "0": 10.77,
      "155": 14.14
    }
  },
  "102": {
    "Position": "-21.0:75.0:-282.0",
    "Neighbours": {
      "103": 5.83,
      "101": 6.08,
      "129": 7.21
    }
  },
  "103": {
    "Position": "-24.0:80.0:-282.0",
    "Name": "Hoppity",
    "Tags": [
      "hoppity"
    ],
    "Neighbours": {
      "102": 5.83
    }
  },
  "104": {
    "Position": "-29.0:74.0:-293.0",
    "Name": "Hoppity",
    "Tags": [
      "hoppity"
    ],
    "Neighbours": {
      "2": 3.74
    }
  },
  "105": {
    "Position": "-25.0:79.0:-325.0",
    "Neighbours": {
      "106": 2.24,
      "72": 3.74,
      "80": 4.12
    }
  },
  "106": {
    "Position": "-25.0:78.0:-327.0",
    "Name": "Hoppity",
    "Tags": [
      "hoppity"
    ],
    "Neighbours": {
      "105": 2.24
    }
  },
  "107": {
    "Position": "-20.0:61.0:-354.0",
    "Name": "Hoppity",
    "Tags": [
      "hoppity"
    ],
    "Neighbours": {
      "108": 4.12,
      "18": 6.08
    }
  },
  "108": {
    "Position": "-18.0:63.0:-357.0",
    "Neighbours": {
      "15": 3.61,
      "107": 4.12,
      "22": 4.36
    }
  },
  "109": {
    "Position": "-14.0:65.0:-375.0",
    "Neighbours": {
      "16": 6.16,
      "19": 6.63
    }
  },
  "110": {
    "Position": "-11.0:68.0:-396.0",
    "Name": "Hoppity",
    "Tags": [
      "hoppity"
    ],
    "Neighbours": {
      "156": 5.2
    }
  },
  "111": {
    "Position": "15.0:49.0:-330.0",
    "Neighbours": {
      "112": 3.32,
      "28": 5.74,
      "29": 9.27
    }
  },
  "112": {
    "Position": "18.0:50.0:-329.0",
    "Neighbours": {
      "120": 2.45,
      "111": 3.32
    }
  },
  "113": {
    "Position": "16.0:52.0:-325.0",
    "Neighbours": {
      "120": 2.45,
      "119": 3.32
    }
  },
  "114": {
    "Position": "20.0:55.0:-328.0",
    "Neighbours": {
      "115": 2.45,
      "119": 3.0
    }
  },
  "115": {
    "Position": "22.0:56.0:-327.0",
    "Neighbours": {
      "114": 2.45,
      "118": 4.12
    }
  },
  "116": {
    "Position": "22.0:57.0:-334.0",
    "Neighbours": {
      "118": 3.0,
      "167": 5.2,
      "117": 6.4
    }
  },
  "117": {
    "Position": "18.0:57.0:-339.0",
    "Name": "Hoppity",
    "Tags": [
      "hoppity"
    ],
    "Neighbours": {
      "166": 3.0,
      "167": 4.24,
      "116": 6.4
    }
  },
  "118": {
    "Position": "22.0:57.0:-331.0",
    "Neighbours": {
      "116": 3.0,
      "115": 4.12
    }
  },
  "119": {
    "Position": "19.0:53.0:-326.0",
    "Neighbours": {
      "114": 3.0,
      "113": 3.32
    }
  },
  "120": {
    "Position": "17.0:51.0:-327.0",
    "Neighbours": {
      "112": 2.45,
      "113": 2.45
    }
  },
  "121": {
    "Position": "-22.0:36.0:-338.0",
    "Name": "Hoppity",
    "Tags": [
      "hoppity"
    ],
    "Neighbours": {
      "37": 2.45,
      "79": 3.32
    }
  },
  "122": {
    "Position": "3.0:46.0:-325.0",
    "Neighbours": {
      "29": 4.69,
      "30": 5.39
    }
  },
  "123": {
    "Position": "9.0:49.0:-332.0",
    "Neighbours": {
      "28": 3.0,
      "29": 5.1
    }
  },
  "124": {
    "Position": "9.0:54.0:-345.0",
    "Neighbours": {
      "26": 3.74,
      "27": 4.24
    }
  },
  "125": {
    "Position": "-4.0:79.0:-304.0",
    "Neighbours": {
      "126": 4.24,
      "87": 5.66
    }
  },
  "126": {
    "Position": "-4.0:82.0:-307.0",
    "Neighbours": {
      "127": 2.24,
      "125": 4.24
    }
  },
  "127": {
    "Position": "-2.0:82.0:-308.0",
    "Name": "Hoppity",
    "Tags": [
      "hoppity"
    ],
    "Neighbours": {
      "126": 2.24
    }
  },
  "128": {
    "Position": "-49.0:94.0:-334.0",
    "Name": "Hoppity",
    "Tags": [
      "hoppity"
    ],
    "Neighbours": {
      "144": 2.24
    }
  },
  "129": {
    "Position": "-17.0:75.0:-288.0",
    "Neighbours": {
      "101": 5.39,
      "130": 6.4,
      "102": 7.21,
      "82": 9.49,
      "0": 15.0
    }
  },
  "130": {
    "Position": "-22.0:75.0:-292.0",
    "Neighbours": {
      "2": 5.0,
      "131": 5.1,
      "129": 6.4,
      "82": 9.43
    }
  },
  "131": {
    "Position": "-27.0:75.0:-291.0",
    "Neighbours": {
      "130": 5.1,
      "132": 7.0
    }
  },
  "132": {
    "Position": "-34.0:75.0:-291.0",
    "Neighbours": {
      "131": 7.0,
      "133": 8.31
    }
  },
  "133": {
    "Position": "-42.0:77.0:-290.0",
    "Neighbours": {
      "134": 5.48,
      "132": 8.31
    }
  },
  "134": {
    "Position": "-47.0:79.0:-289.0",
    "Neighbours": {
      "136": 4.58,
      "133": 5.48
    }
  },
  "135": {
    "Position": "-50.0:86.0:-293.0",
    "Neighbours": {
      "136": 4.36,
      "137": 7.87
    }
  },
  "136": {
    "Position": "-49.0:83.0:-290.0",
    "Neighbours": {
      "135": 4.36,
      "134": 4.58
    }
  },
  "137": {
    "Position": "-53.0:88.0:-300.0",
    "Neighbours": {
      "138": 5.48,
      "135": 7.87
    }
  },
  "138": {
    "Position": "-55.0:89.0:-305.0",
    "Neighbours": {
      "139": 5.39,
      "137": 5.48
    }
  },
  "139": {
    "Position": "-57.0:93.0:-308.0",
    "Neighbours": {
      "138": 5.39,
      "140": 5.83
    }
  },
  "140": {
    "Position": "-54.0:96.0:-312.0",
    "Neighbours": {
      "141": 4.9,
      "139": 5.83
    }
  },
  "141": {
    "Position": "-52.0:98.0:-316.0",
    "Neighbours": {
      "140": 4.9,
      "142": 7.68
    }
  },
  "142": {
    "Position": "-51.0:95.0:-323.0",
    "Neighbours": {
      "143": 6.4,
      "141": 7.68
    }
  },
  "143": {
    "Position": "-50.0:93.0:-329.0",
    "Neighbours": {
      "144": 4.24,
      "142": 6.4
    }
  },
  "144": {
    "Position": "-49.0:92.0:-333.0",
    "Neighbours": {
      "128": 2.24,
      "143": 4.24
    }
  },
  "145": {
    "Position": "-43.0:77.0:-303.0",
    "Name": "Hoppity",
    "Tags": [
      "hoppity"
    ],
    "Neighbours": {
      "70": 3.0
    }
  },
  "146": {
    "Position": "-15.0:105.0:-311.0",
    "Neighbours": {
      "147": 2.45,
      "148": 8.06,
      "3": 30.59
    }
  },
  "147": {
    "Position": "-14.0:104.0:-313.0",
    "Name": "Hoppity",
    "Tags": [
      "hoppity"
    ],
    "Neighbours": {
      "146": 2.45,
      "148": 6.08
    }
  },
  "148": {
    "Position": "-15.0:104.0:-319.0",
    "Neighbours": {
      "147": 6.08,
      "146": 8.06,
      "149": 11.05
    }
  },
  "149": {
    "Position": "-15.0:103.0:-330.0",
    "Neighbours": {
      "150": 11.0,
      "148": 11.05
    }
  },
  "150": {
    "Position": "-15.0:103.0:-341.0",
    "Neighbours": {
      "149": 11.0,
      "151": 38.0
    }
  },
  "151": {
    "Position": "-17.0:139.0:-353.0",
    "Neighbours": {
      "152": 3.61,
      "150": 38.0
    }
  },
  "152": {
    "Position": "-17.0:142.0:-355.0",
    "Neighbours": {
      "151": 3.61,
      "153": 5.48
    }
  },
  "153": {
    "Position": "-19.0:143.0:-360.0",
    "Name": "Hoppity",
    "Tags": [
      "hoppity"
    ],
    "Neighbours": {
      "154": 4.12,
      "152": 5.48
    }
  },
  "154": {
    "Position": "-18.0:143.0:-364.0",
    "Neighbours": {
      "153": 4.12
    }
  },
  "155": {
    "Position": "-5.0:75.0:-273.0",
    "Name": "Gold Mine",
    "Tags": [
      "area"
    ],
    "Neighbours": {
      "1": 2.0,
      "0": 6.0,
      "101": 14.14
    }
  },
  "156": {
    "Position": "-10.0:69.0:-391.0",
    "Name": "Gold Mine",
    "Tags": [
      "area"
    ],
    "Neighbours": {
      "17": 5.0,
      "110": 5.2,
      "16": 10.86
    }
  },
  "157": {
    "Position": "-29.0:21.0:-323.0",
    "Neighbours": {
      "66": 4.24,
      "65": 5.1,
      "49": 8.31
    }
  },
  "158": {
    "Position": "-19.0:79.0:-326.0",
    "Name": "Rusty",
    "Tags": [
      "npc"
    ],
    "Neighbours": {
      "11": 2.0,
      "80": 2.0
    }
  },
  "159": {
    "Position": "-21.0:39.0:-340.0",
    "Neighbours": {
      "79": 4.12,
      "37": 4.69
    }
  },
  "160": {
    "Position": "-28.0:52.0:-345.0",
    "Neighbours": {
      "74": 8.12
    }
  },
  "161": {
    "Position": "-26.0:51.0:-346.0",
    "Neighbours": {
      "73": 3.74,
      "162": 5.39
    }
  },
  "162": {
    "Position": "-21.0:49.0:-346.0",
    "Neighbours": {
      "163": 3.32,
      "161": 5.39
    }
  },
  "163": {
    "Position": "-24.0:48.0:-345.0",
    "Neighbours": {
      "162": 3.32,
      "74": 5.1
    }
  },
  "164": {
    "Position": "-15.0:37.0:-335.0",
    "Neighbours": {
      "78": 4.12,
      "38": 5.0
    }
  },
  "165": {
    "Position": "-15.0:40.0:-331.0",
    "Neighbours": {
      "164": 5.0,
      "38": 5.1
    }
  },
  "166": {
    "Position": "15.0:57.0:-339.0",
    "Neighbours": {
      "27": 6.71
    }
  },
  "167": {
    "Position": "17.0:56.0:-335.0",
    "Neighbours": {
      "28": 8.54,
      "111": 8.83
    }
  },
  "168": {
    "Position": "-31.0:27.0:-314.0",
    "Neighbours": {
      "49": 6.48
    }
  },
  "169": {
    "Position": "5.0:40.0:-309.0",
    "Neighbours": {
      "57": 5.1
    }
  }
}