{
  "0": {
    "Position": "-503.0:102.0:-275.0",
    "Name": "/Warp end",
    "Tags": [
      "teleport"
    ],
    "Neighbours": {
      "1": 6.08,
      "2": 7.21,
      "7": 12.0,
      "8": 12.37
    }
  },
  "1": {
    "Position": "-497.0:102.0:-276.0",
    "Name": "Spider\u0027s Den",
    "Tags": [
      "teleport"
    ],
    "Neighbours": {
      "0": 6.08
    }
  },
  "2": {
    "Position": "-507.0:102.0:-281.0",
    "Name": "End Shop",
    "Tags": [
      "poi"
    ],
    "Neighbours": {
      "622": 4.12,
      "0": 7.21,
      "3": 8.66,
      "4": 9.27,
      "8": 12.04
    }
  },
  "3": {
    "Position": "-514.0:101.0:-286.0",
    "Neighbours": {
      "4": 6.4,
      "2": 8.66
    }
  },
  "4": {
    "Position": "-509.0:101.0:-290.0",
    "Neighbours": {
      "623": 4.12,
      "5": 4.47,
      "3": 6.4,
      "2": 9.27
    }
  },
  "5": {
    "Position": "-509.0:103.0:-294.0",
    "Neighbours": {
      "4": 4.47,
      "6": 6.08,
      "342": 7.87
    }
  },
  "6": {
    "Position": "-508.0:103.0:-300.0",
    "Neighbours": {
      "342": 5.2,
      "5": 6.08
    }
  },
  "7": {
    "Position": "-503.0:102.0:-263.0",
    "Neighbours": {
      "406": 5.39,
      "308": 8.6,
      "0": 12.0,
      "8": 15.0
    }
  },
  "8": {
    "Position": "-515.0:102.0:-272.0",
    "Neighbours": {
      "271": 10.05,
      "2": 12.04,
      "0": 12.37,
      "7": 15.0
    }
  },
  "9": {
    "Position": "-503.0:108.0:-254.0",
    "Neighbours": {
      "10": 5.39,
      "406": 5.66
    }
  },
  "10": {
    "Position": "-508.0:110.0:-254.0",
    "Neighbours": {
      "407": 3.61,
      "11": 4.0,
      "9": 5.39
    }
  },
  "11": {
    "Position": "-508.0:110.0:-250.0",
    "Neighbours": {
      "407": 2.24,
      "10": 4.0,
      "12": 8.6
    }
  },
  "12": {
    "Position": "-501.0:115.0:-250.0",
    "Neighbours": {
      "13": 4.36,
      "11": 8.6
    }
  },
  "13": {
    "Position": "-504.0:116.0:-247.0",
    "Neighbours": {
      "12": 4.36,
      "14": 5.0
    }
  },
  "14": {
    "Position": "-508.0:119.0:-247.0",
    "Neighbours": {
      "13": 5.0,
      "15": 7.0
    }
  },
  "15": {
    "Position": "-506.0:122.0:-241.0",
    "Neighbours": {
      "16": 4.0,
      "14": 7.0,
      "18": 8.12
    }
  },
  "16": {
    "Position": "-502.0:122.0:-241.0",
    "Name": "Start",
    "Tags": [
      "race"
    ],
    "Neighbours": {
      "15": 4.0,
      "17": 6.08
    }
  },
  "17": {
    "Position": "-496.0:122.0:-242.0",
    "Name": "Guber",
    "Tags": [
      "npc"
    ],
    "Neighbours": {
      "16": 6.08
    }
  },
  "18": {
    "Position": "-513.0:123.0:-237.0",
    "Neighbours": {
      "15": 8.12,
      "19": 8.94
    }
  },
  "19": {
    "Position": "-521.0:123.0:-241.0",
    "Neighbours": {
      "20": 4.36,
      "18": 8.94
    }
  },
  "20": {
    "Position": "-524.0:124.0:-244.0",
    "Neighbours": {
      "19": 4.36,
      "21": 10.0
    }
  },
  "21": {
    "Position": "-530.0:124.0:-252.0",
    "Neighbours": {
      "22": 7.28,
      "20": 10.0
    }
  },
  "22": {
    "Position": "-537.0:124.0:-254.0",
    "Neighbours": {
      "23": 5.39,
      "343": 6.71,
      "21": 7.28
    }
  },
  "23": {
    "Position": "-539.0:124.0:-249.0",
    "Neighbours": {
      "22": 5.39,
      "24": 11.0
    }
  },
  "24": {
    "Position": "-539.0:124.0:-238.0",
    "Neighbours": {
      "25": 3.61,
      "23": 11.0
    }
  },
  "25": {
    "Position": "-542.0:124.0:-236.0",
    "Neighbours": {
      "24": 3.61,
      "26": 13.0
    }
  },
  "26": {
    "Position": "-554.0:124.0:-241.0",
    "Neighbours": {
      "25": 13.0,
      "27": 14.56
    }
  },
  "27": {
    "Position": "-568.0:124.0:-245.0",
    "Neighbours": {
      "28": 14.14,
      "26": 14.56
    }
  },
  "28": {
    "Position": "-582.0:124.0:-243.0",
    "Neighbours": {
      "29": 9.27,
      "27": 14.14
    }
  },
  "29": {
    "Position": "-591.0:125.0:-241.0",
    "Neighbours": {
      "28": 9.27,
      "30": 12.37
    }
  },
  "30": {
    "Position": "-603.0:125.0:-238.0",
    "Neighbours": {
      "31": 10.0,
      "29": 12.37
    }
  },
  "31": {
    "Position": "-613.0:125.0:-238.0",
    "Neighbours": {
      "30": 10.0,
      "32": 10.72
    }
  },
  "32": {
    "Position": "-622.0:122.0:-243.0",
    "Neighbours": {
      "33": 9.27,
      "31": 10.72
    }
  },
  "33": {
    "Position": "-631.0:121.0:-245.0",
    "Neighbours": {
      "34": 5.2,
      "32": 9.27
    }
  },
  "34": {
    "Position": "-636.0:122.0:-246.0",
    "Neighbours": {
      "33": 5.2,
      "35": 9.22
    }
  },
  "35": {
    "Position": "-645.0:122.0:-248.0",
    "Neighbours": {
      "34": 9.22,
      "36": 9.85
    }
  },
  "36": {
    "Position": "-654.0:122.0:-252.0",
    "Neighbours": {
      "37": 5.83,
      "35": 9.85
    }
  },
  "37": {
    "Position": "-659.0:122.0:-255.0",
    "Neighbours": {
      "36": 5.83,
      "38": 7.81
    }
  },
  "38": {
    "Position": "-663.0:119.0:-261.0",
    "Neighbours": {
      "37": 7.81,
      "39": 13.64
    }
  },
  "39": {
    "Position": "-676.0:118.0:-265.0",
    "Neighbours": {
      "40": 6.16,
      "38": 13.64
    }
  },
  "40": {
    "Position": "-681.0:121.0:-263.0",
    "Neighbours": {
      "39": 6.16,
      "41": 9.17
    }
  },
  "41": {
    "Position": "-689.0:123.0:-259.0",
    "Neighbours": {
      "40": 9.17,
      "42": 12.04
    }
  },
  "42": {
    "Position": "-698.0:123.0:-251.0",
    "Neighbours": {
      "43": 9.22,
      "41": 12.04
    }
  },
  "43": {
    "Position": "-707.0:123.0:-253.0",
    "Neighbours": {
      "42": 9.22,
      "44": 9.43
    }
  },
  "44": {
    "Position": "-715.0:123.0:-258.0",
    "Neighbours": {
      "43": 9.43,
      "45": 9.85
    }
  },
  "45": {
    "Position": "-724.0:123.0:-262.0",
    "Neighbours": {
      "46": 8.6,
      "44": 9.85
    }
  },
  "46": {
    "Position": "-731.0:123.0:-267.0",
    "Neighbours": {
      "47": 7.28,
      "45": 8.6
    }
  },
  "47": {
    "Position": "-738.0:123.0:-269.0",
    "Neighbours": {
      "48": 7.14,
      "46": 7.28
    }
  },
  "48": {
    "Position": "-743.0:122.0:-274.0",
    "Neighbours": {
      "49": 7.0,
      "47": 7.14
    }
  },
  "49": {
    "Position": "-749.0:119.0:-276.0",
    "Neighbours": {
      "48": 7.0,
      "50": 7.81
    }
  },
  "50": {
    "Position": "-749.0:114.0:-282.0",
    "Neighbours": {
      "51": 5.66,
      "49": 7.81
    }
  },
  "51": {
    "Position": "-749.0:110.0:-286.0",
    "Neighbours": {
      "52": 5.2,
      "50": 5.66
    }
  },
  "52": {
    "Position": "-750.0:109.0:-291.0",
    "Neighbours": {
      "53": 4.69,
      "51": 5.2
    }
  },
  "53": {
    "Position": "-753.0:106.0:-289.0",
    "Neighbours": {
      "52": 4.69,
      "54": 5.74
    }
  },
  "54": {
    "Position": "-757.0:105.0:-293.0",
    "Neighbours": {
      "53": 5.74,
      "55": 10.05
    }
  },
  "55": {
    "Position": "-766.0:103.0:-297.0",
    "Neighbours": {
      "56": 8.31,
      "54": 10.05
    }
  },
  "56": {
    "Position": "-774.0:102.0:-299.0",
    "Name": "End",
    "Tags": [
      "race"
    ],
    "Neighbours": {
      "413": 3.32,
      "55": 8.31
    }
  },
  "57": {
    "Position": "-535.0:103.0:-274.0",
    "Neighbours": {
      "491": 4.36,
      "628": 7.07,
      "271": 10.49,
      "58": 13.49
    }
  },
  "58": {
    "Position": "-545.0:102.0:-283.0",
    "Neighbours": {
      "678": 10.05,
      "59": 11.22,
      "615": 11.7,
      "57": 13.49
    }
  },
  "59": {
    "Position": "-550.0:101.0:-293.0",
    "Neighbours": {
      "606": 6.32,
      "58": 11.22,
      "60": 12.25
    }
  },
  "60": {
    "Position": "-555.0:99.0:-304.0",
    "Neighbours": {
      "617": 7.14,
      "61": 10.25,
      "59": 12.25
    }
  },
  "61": {
    "Position": "-556.0:97.0:-314.0",
    "Neighbours": {
      "62": 7.0,
      "60": 10.25
    }
  },
  "62": {
    "Position": "-550.0:95.0:-317.0",
    "Neighbours": {
      "63": 6.16,
      "61": 7.0
    }
  },
  "63": {
    "Position": "-545.0:93.0:-314.0",
    "Neighbours": {
      "62": 6.16,
      "64": 9.7
    }
  },
  "64": {
    "Position": "-538.0:90.0:-308.0",
    "Neighbours": {
      "63": 9.7,
      "295": 11.58
    }
  },
  "65": {
    "Position": "-519.0:80.0:-302.0",
    "Neighbours": {
      "66": 4.69,
      "294": 6.56,
      "293": 8.49
    }
  },
  "66": {
    "Position": "-516.0:78.0:-299.0",
    "Neighbours": {
      "65": 4.69,
      "67": 8.49
    }
  },
  "67": {
    "Position": "-516.0:72.0:-293.0",
    "Neighbours": {
      "68": 7.07,
      "66": 8.49,
      "69": 11.45
    }
  },
  "68": {
    "Position": "-520.0:69.0:-288.0",
    "Neighbours": {
      "67": 7.07,
      "69": 7.81,
      "296": 8.54
    }
  },
  "69": {
    "Position": "-515.0:69.0:-282.0",
    "Neighbours": {
      "70": 7.28,
      "68": 7.81,
      "67": 11.45
    }
  },
  "70": {
    "Position": "-515.0:71.0:-275.0",
    "Neighbours": {
      "71": 7.14,
      "69": 7.28
    }
  },
  "71": {
    "Position": "-516.0:72.0:-268.0",
    "Neighbours": {
      "70": 7.14,
      "72": 9.22
    }
  },
  "72": {
    "Position": "-523.0:72.0:-262.0",
    "Neighbours": {
      "73": 9.06,
      "71": 9.22,
      "74": 9.49
    }
  },
  "73": {
    "Position": "-532.0:72.0:-263.0",
    "Neighbours": {
      "74": 6.16,
      "305": 7.07,
      "304": 7.48,
      "72": 9.06,
      "641": 9.9
    }
  },
  "74": {
    "Position": "-531.0:71.0:-257.0",
    "Neighbours": {
      "73": 6.16,
      "75": 8.12,
      "72": 9.49
    }
  },
  "75": {
    "Position": "-538.0:70.0:-253.0",
    "Neighbours": {
      "76": 5.0,
      "77": 7.28,
      "74": 8.12
    }
  },
  "76": {
    "Position": "-542.0:70.0:-250.0",
    "Neighbours": {
      "75": 5.0,
      "77": 6.0,
      "256": 7.21
    }
  },
  "77": {
    "Position": "-538.0:68.0:-246.0",
    "Neighbours": {
      "76": 6.0,
      "75": 7.28,
      "78": 7.35
    }
  },
  "78": {
    "Position": "-537.0:66.0:-239.0",
    "Neighbours": {
      "77": 7.35,
      "79": 9.49
    }
  },
  "79": {
    "Position": "-537.0:63.0:-230.0",
    "Neighbours": {
      "78": 9.49,
      "80": 9.9
    }
  },
  "80": {
    "Position": "-538.0:59.0:-221.0",
    "Neighbours": {
      "79": 9.9,
      "81": 10.05
    }
  },
  "81": {
    "Position": "-544.0:55.0:-214.0",
    "Neighbours": {
      "80": 10.05,
      "82": 11.53
    }
  },
  "82": {
    "Position": "-553.0:51.0:-208.0",
    "Neighbours": {
      "83": 6.56,
      "81": 11.53
    }
  },
  "83": {
    "Position": "-558.0:48.0:-205.0",
    "Neighbours": {
      "587": 4.58,
      "82": 6.56
    }
  },
  "84": {
    "Position": "-568.0:42.0:-203.0",
    "Neighbours": {
      "586": 3.74,
      "585": 4.12,
      "587": 7.28
    }
  },
  "85": {
    "Position": "-572.0:40.0:-215.0",
    "Neighbours": {
      "86": 3.32,
      "255": 5.48,
      "667": 9.22
    }
  },
  "86": {
    "Position": "-575.0:39.0:-216.0",
    "Neighbours": {
      "85": 3.32,
      "590": 5.1,
      "87": 9.49
    }
  },
  "87": {
    "Position": "-582.0:34.0:-220.0",
    "Neighbours": {
      "589": 4.12,
      "590": 6.0,
      "89": 11.58
    }
  },
  "88": {
    "Position": "-580.0:32.0:-228.0",
    "Neighbours": {
      "589": 4.58,
      "89": 5.83,
      "90": 7.35
    }
  },
  "89": {
    "Position": "-585.0:32.0:-231.0",
    "Neighbours": {
      "88": 5.83,
      "87": 11.58,
      "499": 12.69
    }
  },
  "90": {
    "Position": "-573.0:30.0:-227.0",
    "Neighbours": {
      "671": 5.48,
      "88": 7.35,
      "91": 10.77
    }
  },
  "91": {
    "Position": "-565.0:26.0:-233.0",
    "Neighbours": {
      "671": 6.16,
      "570": 8.25
    }
  },
  "92": {
    "Position": "-558.0:20.0:-240.0",
    "Neighbours": {
      "570": 3.74,
      "571": 5.83,
      "588": 10.3,
      "93": 11.79
    }
  },
  "93": {
    "Position": "-549.0:17.0:-247.0",
    "Neighbours": {
      "572": 7.35,
      "571": 11.18,
      "94": 11.36,
      "92": 11.79
    }
  },
  "94": {
    "Position": "-547.0:19.0:-258.0",
    "Neighbours": {
      "95": 10.77,
      "93": 11.36,
      "97": 16.03,
      "500": 18.68
    }
  },
  "95": {
    "Position": "-541.0:23.0:-266.0",
    "Neighbours": {
      "501": 5.2,
      "94": 10.77
    }
  },
  "96": {
    "Position": "-567.0:21.0:-250.0",
    "Neighbours": {
      "588": 4.24,
      "495": 7.35,
      "97": 8.31
    }
  },
  "97": {
    "Position": "-563.0:19.0:-257.0",
    "Neighbours": {
      "500": 6.32,
      "96": 8.31,
      "495": 14.18,
      "94": 16.03
    }
  },
  "98": {
    "Position": "-566.0:18.0:-268.0",
    "Neighbours": {
      "554": 4.24,
      "500": 5.2,
      "99": 7.28
    }
  },
  "99": {
    "Position": "-568.0:18.0:-275.0",
    "Neighbours": {
      "100": 4.12,
      "554": 4.36,
      "98": 7.28,
      "194": 8.83
    }
  },
  "100": {
    "Position": "-572.0:18.0:-276.0",
    "Neighbours": {
      "99": 4.12,
      "101": 6.4
    }
  },
  "101": {
    "Position": "-577.0:22.0:-276.0",
    "Neighbours": {
      "100": 6.4,
      "102": 8.06
    }
  },
  "102": {
    "Position": "-585.0:23.0:-276.0",
    "Neighbours": {
      "101": 8.06,
      "103": 11.0
    }
  },
  "103": {
    "Position": "-596.0:23.0:-276.0",
    "Name": "Dragon Gate",
    "Tags": [
      "poi"
    ],
    "Neighbours": {
      "493": 3.0,
      "102": 11.0
    }
  },
  "104": {
    "Position": "-603.0:23.0:-276.0",
    "Name": "Dragon\u0027s Nest",
    "Tags": [
      "area"
    ],
    "Neighbours": {
      "493": 4.0,
      "107": 7.62,
      "105": 9.0
    }
  },
  "105": {
    "Position": "-612.0:23.0:-276.0",
    "Neighbours": {
      "624": 8.06,
      "104": 9.0,
      "106": 9.9
    }
  },
  "106": {
    "Position": "-619.0:16.0:-276.0",
    "Neighbours": {
      "109": 5.0,
      "115": 5.83,
      "364": 6.0,
      "105": 9.9,
      "108": 10.0
    }
  },
  "107": {
    "Position": "-606.0:23.0:-283.0",
    "Name": "Arrow Shop",
    "Tags": [
      "poi",
      "dev"
    ],
    "Neighbours": {
      "624": 2.0,
      "104": 7.62
    }
  },
  "108": {
    "Position": "-629.0:16.0:-276.0",
    "Name": "Aussichtsplattform",
    "Tags": [
      "poi"
    ],
    "Neighbours": {
      "643": 3.16,
      "109": 8.06,
      "115": 8.6,
      "106": 10.0
    }
  },
  "109": {
    "Position": "-622.0:16.0:-280.0",
    "Neighbours": {
      "154": 4.0,
      "106": 5.0,
      "108": 8.06,
      "115": 9.0
    }
  },
  "110": {
    "Position": "-619.0:9.0:-293.0",
    "Name": "Dragon\u0027s Nest",
    "Tags": [
      "area"
    ],
    "Neighbours": {
      "155": 3.61,
      "621": 3.61,
      "111": 5.39,
      "143": 6.71
    }
  },
  "111": {
    "Position": "-614.0:9.0:-291.0",
    "Name": "Void Slate",
    "Tags": [
      "area"
    ],
    "Neighbours": {
      "110": 5.39,
      "254": 10.49,
      "193": 10.63
    }
  },
  "112": {
    "Position": "-612.0:6.0:-271.0",
    "Neighbours": {
      "253": 3.0,
      "192": 7.07,
      "193": 10.0,
      "113": 10.63
    }
  },
  "113": {
    "Position": "-614.0:9.0:-261.0",
    "Name": "Void Slate",
    "Tags": [
      "area"
    ],
    "Neighbours": {
      "151": 4.47,
      "253": 10.49,
      "112": 10.63
    }
  },
  "114": {
    "Position": "-622.0:16.0:-268.0",
    "Neighbours": {
      "115": 3.0,
      "152": 9.22
    }
  },
  "115": {
    "Position": "-622.0:16.0:-271.0",
    "Neighbours": {
      "114": 3.0,
      "364": 3.16,
      "106": 5.83,
      "108": 8.6,
      "109": 9.0
    }
  },
  "116": {
    "Position": "-630.0:8.0:-245.0",
    "Neighbours": {
      "153": 12.08,
      "117": 13.89,
      "150": 17.38
    }
  },
  "117": {
    "Position": "-637.0:8.0:-233.0",
    "Neighbours": {
      "118": 10.95,
      "116": 13.89,
      "251": 18.71
    }
  },
  "118": {
    "Position": "-647.0:6.0:-229.0",
    "Neighbours": {
      "117": 10.95,
      "119": 11.4
    }
  },
  "119": {
    "Position": "-658.0:6.0:-226.0",
    "Neighbours": {
      "118": 11.4,
      "251": 12.81,
      "120": 16.49,
      "179": 16.64
    }
  },
  "120": {
    "Position": "-674.0:6.0:-222.0",
    "Name": "Obsidian Defender",
    "Tags": [
      "grind_mobs"
    ],
    "Neighbours": {
      "121": 13.0,
      "119": 16.49,
      "179": 19.31
    }
  },
  "121": {
    "Position": "-686.0:6.0:-217.0",
    "Neighbours": {
      "120": 13.0,
      "122": 13.15
    }
  },
  "122": {
    "Position": "-699.0:8.0:-217.0",
    "Neighbours": {
      "123": 13.08,
      "121": 13.15
    }
  },
  "123": {
    "Position": "-706.0:7.0:-228.0",
    "Neighbours": {
      "124": 8.12,
      "183": 10.63,
      "122": 13.08
    }
  },
  "124": {
    "Position": "-707.0:6.0:-236.0",
    "Neighbours": {
      "184": 6.4,
      "123": 8.12,
      "183": 9.11
    }
  },
  "125": {
    "Position": "-726.0:6.0:-252.0",
    "Neighbours": {
      "186": 6.4,
      "126": 12.08
    }
  },
  "126": {
    "Position": "-731.0:6.0:-263.0",
    "Neighbours": {
      "125": 12.08,
      "127": 14.04
    }
  },
  "127": {
    "Position": "-732.0:6.0:-277.0",
    "Neighbours": {
      "128": 8.66,
      "126": 14.04,
      "129": 17.69
    }
  },
  "128": {
    "Position": "-727.0:7.0:-284.0",
    "Name": "Golem Spawn",
    "Tags": [
      "end_golem"
    ],
    "Neighbours": {
      "127": 8.66,
      "129": 9.49
    }
  },
  "129": {
    "Position": "-719.0:6.0:-289.0",
    "Neighbours": {
      "190": 9.22,
      "128": 9.49,
      "130": 11.66,
      "127": 17.69
    }
  },
  "130": {
    "Position": "-713.0:6.0:-299.0",
    "Neighbours": {
      "129": 11.66,
      "190": 12.37,
      "131": 13.42
    }
  },
  "131": {
    "Position": "-707.0:6.0:-311.0",
    "Neighbours": {
      "132": 10.82,
      "130": 13.42
    }
  },
  "132": {
    "Position": "-701.0:6.0:-320.0",
    "Neighbours": {
      "133": 10.3,
      "131": 10.82
    }
  },
  "133": {
    "Position": "-692.0:6.0:-325.0",
    "Neighbours": {
      "134": 7.28,
      "132": 10.3
    }
  },
  "134": {
    "Position": "-685.0:6.0:-327.0",
    "Neighbours": {
      "133": 7.28,
      "248": 8.66,
      "249": 10.82,
      "135": 16.28
    }
  },
  "135": {
    "Position": "-669.0:6.0:-324.0",
    "Neighbours": {
      "136": 11.05,
      "249": 11.66,
      "248": 12.08,
      "134": 16.28
    }
  },
  "136": {
    "Position": "-658.0:6.0:-323.0",
    "Neighbours": {
      "135": 11.05,
      "137": 11.75,
      "147": 14.56,
      "248": 21.95
    }
  },
  "137": {
    "Position": "-647.0:7.0:-319.0",
    "Neighbours": {
      "138": 6.4,
      "147": 8.6,
      "136": 11.75
    }
  },
  "138": {
    "Position": "-645.0:8.0:-313.0",
    "Neighbours": {
      "137": 6.4,
      "139": 8.06
    }
  },
  "139": {
    "Position": "-641.0:8.0:-306.0",
    "Neighbours": {
      "138": 8.06,
      "140": 10.3
    }
  },
  "140": {
    "Position": "-636.0:8.0:-297.0",
    "Neighbours": {
      "141": 8.12,
      "139": 10.3,
      "148": 11.22
    }
  },
  "141": {
    "Position": "-629.0:9.0:-293.0",
    "Neighbours": {
      "142": 3.16,
      "140": 8.12,
      "148": 8.83
    }
  },
  "142": {
    "Position": "-626.0:9.0:-294.0",
    "Neighbours": {
      "141": 3.16,
      "621": 4.12,
      "155": 5.0,
      "143": 6.4
    }
  },
  "143": {
    "Position": "-622.0:9.0:-299.0",
    "Neighbours": {
      "621": 4.0,
      "142": 6.4,
      "110": 6.71,
      "144": 6.71
    }
  },
  "144": {
    "Position": "-619.0:9.0:-305.0",
    "Neighbours": {
      "143": 6.71,
      "145": 11.79
    }
  },
  "145": {
    "Position": "-622.0:6.0:-316.0",
    "Neighbours": {
      "144": 11.79,
      "146": 13.45
    }
  },
  "146": {
    "Position": "-632.0:6.0:-325.0",
    "Neighbours": {
      "250": 6.4,
      "147": 12.17,
      "145": 13.45
    }
  },
  "147": {
    "Position": "-644.0:6.0:-327.0",
    "Neighbours": {
      "250": 6.08,
      "137": 8.6,
      "146": 12.17,
      "136": 14.56
    }
  },
  "148": {
    "Position": "-634.0:7.0:-286.0",
    "Neighbours": {
      "403": 5.74,
      "149": 7.07,
      "141": 8.83,
      "140": 11.22
    }
  },
  "149": {
    "Position": "-634.0:6.0:-279.0",
    "Neighbours": {
      "403": 5.0,
      "148": 7.07,
      "246": 14.18,
      "247": 14.32,
      "150": 17.03,
      "158": 24.6,
      "412": 33.38
    }
  },
  "150": {
    "Position": "-633.0:6.0:-262.0",
    "Neighbours": {
      "153": 10.2,
      "246": 13.08,
      "393": 14.0,
      "149": 17.03,
      "116": 17.38,
      "156": 30.41,
      "412": 36.72
    }
  },
  "151": {
    "Position": "-618.0:9.0:-259.0",
    "Name": "Dragon\u0027s Nest",
    "Tags": [
      "area"
    ],
    "Neighbours": {
      "113": 4.47,
      "152": 4.58,
      "153": 7.68
    }
  },
  "152": {
    "Position": "-622.0:10.0:-261.0",
    "Neighbours": {
      "151": 4.58,
      "153": 6.16,
      "114": 9.22
    }
  },
  "153": {
    "Position": "-625.0:8.0:-256.0",
    "Name": "Zealot",
    "Tags": [
      "grind_mobs"
    ],
    "Neighbours": {
      "152": 6.16,
      "151": 7.68,
      "150": 10.2,
      "116": 12.08
    }
  },
  "154": {
    "Position": "-622.0:16.0:-284.0",
    "Neighbours": {
      "109": 4.0,
      "155": 9.9
    }
  },
  "155": {
    "Position": "-622.0:9.0:-291.0",
    "Neighbours": {
      "110": 3.61,
      "621": 4.0,
      "142": 5.0,
      "154": 9.9
    }
  },
  "156": {
    "Position": "-660.0:6.0:-276.0",
    "Neighbours": {
      "157": 7.62,
      "158": 8.94,
      "159": 8.94,
      "247": 12.0,
      "412": 24.19,
      "150": 30.41
    }
  },
  "157": {
    "Position": "-667.0:9.0:-276.0",
    "Name": "Ender Altar",
    "Tags": [
      "poi"
    ],
    "Neighbours": {
      "156": 7.62
    }
  },
  "158": {
    "Position": "-656.0:6.0:-268.0",
    "Neighbours": {
      "156": 8.94,
      "176": 8.94,
      "392": 14.32,
      "149": 24.6
    }
  },
  "159": {
    "Position": "-656.0:6.0:-284.0",
    "Neighbours": {
      "160": 6.71,
      "156": 8.94,
      "247": 11.31
    }
  },
  "160": {
    "Position": "-659.0:6.0:-290.0",
    "Neighbours": {
      "170": 5.1,
      "161": 6.08,
      "159": 6.71,
      "162": 7.07,
      "412": 27.86
    }
  },
  "161": {
    "Position": "-665.0:6.0:-289.0",
    "Neighbours": {
      "160": 6.08,
      "162": 6.08,
      "163": 9.06
    }
  },
  "162": {
    "Position": "-664.0:6.0:-295.0",
    "Neighbours": {
      "170": 6.0,
      "161": 6.08,
      "160": 7.07,
      "168": 9.17
    }
  },
  "163": {
    "Position": "-674.0:6.0:-290.0",
    "Neighbours": {
      "164": 4.0,
      "161": 9.06
    }
  },
  "164": {
    "Position": "-678.0:6.0:-290.0",
    "Neighbours": {
      "163": 4.0,
      "166": 9.0,
      "165": 9.49
    }
  },
  "165": {
    "Position": "-681.0:6.0:-299.0",
    "Neighbours": {
      "167": 8.06,
      "164": 9.49,
      "166": 10.82
    }
  },
  "166": {
    "Position": "-687.0:6.0:-290.0",
    "Neighbours": {
      "164": 9.0,
      "165": 10.82,
      "245": 18.14,
      "188": 19.85,
      "180": 30.27
    }
  },
  "167": {
    "Position": "-680.0:6.0:-307.0",
    "Neighbours": {
      "165": 8.06,
      "249": 11.05
    }
  },
  "168": {
    "Position": "-668.0:8.0:-303.0",
    "Neighbours": {
      "169": 6.4,
      "162": 9.17
    }
  },
  "169": {
    "Position": "-672.0:8.0:-308.0",
    "Neighbours": {
      "168": 6.4
    }
  },
  "170": {
    "Position": "-658.0:6.0:-295.0",
    "Neighbours": {
      "160": 5.1,
      "162": 6.0,
      "171": 9.49
    }
  },
  "171": {
    "Position": "-650.0:11.0:-294.0",
    "Neighbours": {
      "172": 4.24,
      "252": 6.71,
      "170": 9.49
    }
  },
  "172": {
    "Position": "-647.0:11.0:-297.0",
    "Neighbours": {
      "171": 4.24,
      "252": 6.71,
      "173": 11.4
    }
  },
  "173": {
    "Position": "-656.0:18.0:-297.0",
    "Neighbours": {
      "644": 2.45,
      "174": 8.54,
      "172": 11.4
    }
  },
  "174": {
    "Position": "-657.0:24.0:-303.0",
    "Neighbours": {
      "175": 5.1,
      "173": 8.54
    }
  },
  "175": {
    "Position": "-656.0:24.0:-308.0",
    "Neighbours": {
      "174": 5.1
    }
  },
  "176": {
    "Position": "-660.0:6.0:-260.0",
    "Name": "Watcher",
    "Tags": [
      "grind_mobs"
    ],
    "Neighbours": {
      "158": 8.94,
      "392": 9.22,
      "177": 9.85,
      "393": 13.15,
      "178": 15.03,
      "246": 18.38,
      "412": 29.0
    }
  },
  "177": {
    "Position": "-664.0:6.0:-251.0",
    "Neighbours": {
      "492": 3.74,
      "176": 9.85,
      "179": 11.4,
      "392": 11.4,
      "178": 13.6
    }
  },
  "178": {
    "Position": "-675.0:6.0:-259.0",
    "Neighbours": {
      "180": 8.06,
      "177": 13.6,
      "176": 15.03,
      "181": 15.26
    }
  },
  "179": {
    "Position": "-667.0:6.0:-240.0",
    "Neighbours": {
      "177": 11.4,
      "119": 16.64,
      "120": 19.31
    }
  },
  "180": {
    "Position": "-683.0:6.0:-260.0",
    "Neighbours": {
      "178": 8.06,
      "484": 10.05,
      "181": 10.3,
      "245": 13.45,
      "187": 21.02,
      "188": 22.67,
      "166": 30.27
    }
  },
  "181": {
    "Position": "-688.0:6.0:-251.0",
    "Neighbours": {
      "484": 6.08,
      "182": 9.64,
      "180": 10.3,
      "178": 15.26
    }
  },
  "182": {
    "Position": "-693.0:8.0:-243.0",
    "Neighbours": {
      "183": 9.49,
      "181": 9.64
    }
  },
  "183": {
    "Position": "-698.0:7.0:-235.0",
    "Neighbours": {
      "124": 9.11,
      "182": 9.49,
      "123": 10.63
    }
  },
  "184": {
    "Position": "-711.0:6.0:-241.0",
    "Neighbours": {
      "124": 6.4,
      "185": 11.05,
      "186": 12.21
    }
  },
  "185": {
    "Position": "-710.0:6.0:-252.0",
    "Neighbours": {
      "187": 10.82,
      "184": 11.05,
      "186": 11.7
    }
  },
  "186": {
    "Position": "-721.0:6.0:-248.0",
    "Neighbours": {
      "125": 6.4,
      "185": 11.7,
      "184": 12.21
    }
  },
  "187": {
    "Position": "-704.0:6.0:-261.0",
    "Neighbours": {
      "185": 10.82,
      "188": 14.56,
      "180": 21.02
    }
  },
  "188": {
    "Position": "-700.0:6.0:-275.0",
    "Neighbours": {
      "189": 10.3,
      "245": 11.45,
      "187": 14.56,
      "166": 19.85,
      "180": 22.67
    }
  },
  "189": {
    "Position": "-705.0:6.0:-284.0",
    "Neighbours": {
      "190": 5.83,
      "188": 10.3
    }
  },
  "190": {
    "Position": "-710.0:6.0:-287.0",
    "Neighbours": {
      "189": 5.83,
      "129": 9.22,
      "130": 12.37
    }
  },
  "191": {
    "Position": "-597.0:6.0:-276.0",
    "Name": "Draconic Altar",
    "Tags": [
      "poi"
    ],
    "Neighbours": {
      "626": 3.16,
      "627": 4.0,
      "489": 5.0,
      "490": 6.08
    }
  },
  "192": {
    "Position": "-607.0:6.0:-276.0",
    "Neighbours": {
      "627": 6.0,
      "112": 7.07,
      "193": 7.07,
      "254": 9.43,
      "253": 9.43
    }
  },
  "193": {
    "Position": "-612.0:6.0:-281.0",
    "Neighbours": {
      "254": 3.0,
      "192": 7.07,
      "112": 10.0,
      "111": 10.63
    }
  },
  "194": {
    "Position": "-563.0:16.0:-282.0",
    "Neighbours": {
      "557": 5.48,
      "552": 5.83,
      "99": 8.83,
      "195": 12.21
    }
  },
  "195": {
    "Position": "-564.0:14.0:-294.0",
    "Neighbours": {
      "557": 7.68,
      "196": 8.94,
      "194": 12.21
    }
  },
  "196": {
    "Position": "-564.0:10.0:-302.0",
    "Neighbours": {
      "559": 5.1,
      "195": 8.94,
      "197": 11.58,
      "198": 12.21
    }
  },
  "197": {
    "Position": "-557.0:8.0:-311.0",
    "Neighbours": {
      "198": 6.71,
      "196": 11.58,
      "516": 12.81,
      "515": 13.15
    }
  },
  "198": {
    "Position": "-563.0:8.0:-314.0",
    "Name": "no_area",
    "Tags": [
      "area"
    ],
    "Neighbours": {
      "481": 3.0,
      "197": 6.71,
      "199": 7.81,
      "196": 12.21
    }
  },
  "199": {
    "Position": "-568.0:8.0:-320.0",
    "Name": "Void Sepulture",
    "Tags": [
      "area"
    ],
    "Neighbours": {
      "494": 5.92,
      "198": 7.81
    }
  },
  "200": {
    "Position": "-579.0:10.0:-315.0",
    "Neighbours": {
      "494": 6.4,
      "201": 12.12
    }
  },
  "201": {
    "Position": "-590.0:11.0:-320.0",
    "Neighbours": {
      "202": 5.2,
      "200": 12.12
    }
  },
  "202": {
    "Position": "-591.0:12.0:-325.0",
    "Neighbours": {
      "201": 5.2,
      "203": 9.0
    }
  },
  "203": {
    "Position": "-591.0:12.0:-334.0",
    "Neighbours": {
      "202": 9.0,
      "230": 10.49,
      "204": 12.08,
      "237": 14.35
    }
  },
  "204": {
    "Position": "-582.0:13.0:-342.0",
    "Neighbours": {
      "237": 8.49,
      "238": 10.63,
      "205": 11.09,
      "203": 12.08
    }
  },
  "205": {
    "Position": "-571.0:14.0:-343.0",
    "Neighbours": {
      "238": 8.12,
      "206": 9.06,
      "204": 11.09
    }
  },
  "206": {
    "Position": "-563.0:17.0:-340.0",
    "Neighbours": {
      "205": 9.06,
      "207": 11.05,
      "238": 16.12
    }
  },
  "207": {
    "Position": "-558.0:21.0:-331.0",
    "Neighbours": {
      "208": 5.39,
      "209": 8.54,
      "206": 11.05
    }
  },
  "208": {
    "Position": "-560.0:21.0:-326.0",
    "Neighbours": {
      "207": 5.39,
      "209": 8.12,
      "210": 10.3
    }
  },
  "209": {
    "Position": "-552.0:22.0:-325.0",
    "Neighbours": {
      "208": 8.12,
      "207": 8.54,
      "242": 8.94,
      "243": 9.43
    }
  },
  "210": {
    "Position": "-569.0:26.0:-326.0",
    "Neighbours": {
      "211": 7.14,
      "244": 8.31,
      "208": 10.3
    }
  },
  "211": {
    "Position": "-574.0:27.0:-331.0",
    "Neighbours": {
      "212": 6.08,
      "210": 7.14,
      "244": 7.62
    }
  },
  "212": {
    "Position": "-573.0:27.0:-337.0",
    "Neighbours": {
      "211": 6.08,
      "213": 8.06
    }
  },
  "213": {
    "Position": "-567.0:32.0:-339.0",
    "Neighbours": {
      "214": 6.32,
      "215": 7.62,
      "212": 8.06
    }
  },
  "214": {
    "Position": "-561.0:32.0:-337.0",
    "Neighbours": {
      "215": 5.1,
      "213": 6.32,
      "216": 17.2
    }
  },
  "215": {
    "Position": "-560.0:32.0:-342.0",
    "Neighbours": {
      "214": 5.1,
      "213": 7.62,
      "239": 9.22
    }
  },
  "216": {
    "Position": "-561.0:42.0:-323.0",
    "Neighbours": {
      "217": 8.49,
      "214": 17.2
    }
  },
  "217": {
    "Position": "-555.0:42.0:-317.0",
    "Neighbours": {
      "218": 6.4,
      "216": 8.49
    }
  },
  "218": {
    "Position": "-549.0:43.0:-319.0",
    "Neighbours": {
      "217": 6.4,
      "219": 12.57
    }
  },
  "219": {
    "Position": "-548.0:49.0:-330.0",
    "Neighbours": {
      "220": 11.58,
      "218": 12.57
    }
  },
  "220": {
    "Position": "-553.0:52.0:-340.0",
    "Name": "Top of Void Sepulture",
    "Tags": [
      "poi"
    ],
    "Neighbours": {
      "221": 8.06,
      "222": 8.06,
      "219": 11.58
    }
  },
  "221": {
    "Position": "-557.0:52.0:-347.0",
    "Neighbours": {
      "220": 8.06,
      "222": 8.94,
      "223": 13.45
    }
  },
  "222": {
    "Position": "-561.0:52.0:-339.0",
    "Neighbours": {
      "229": 7.07,
      "220": 8.06,
      "221": 8.94
    }
  },
  "223": {
    "Position": "-566.0:52.0:-357.0",
    "Neighbours": {
      "224": 13.34,
      "221": 13.45
    }
  },
  "224": {
    "Position": "-579.0:52.0:-360.0",
    "Neighbours": {
      "225": 10.77,
      "223": 13.34
    }
  },
  "225": {
    "Position": "-589.0:52.0:-356.0",
    "Neighbours": {
      "226": 9.49,
      "224": 10.77
    }
  },
  "226": {
    "Position": "-592.0:52.0:-347.0",
    "Neighbours": {
      "227": 4.24,
      "225": 9.49
    }
  },
  "227": {
    "Position": "-589.0:52.0:-344.0",
    "Neighbours": {
      "226": 4.24,
      "228": 9.49
    }
  },
  "228": {
    "Position": "-580.0:52.0:-341.0",
    "Neighbours": {
      "227": 9.49,
      "229": 12.37
    }
  },
  "229": {
    "Position": "-568.0:52.0:-338.0",
    "Neighbours": {
      "222": 7.07,
      "228": 12.37
    }
  },
  "230": {
    "Position": "-601.0:11.0:-337.0",
    "Neighbours": {
      "203": 10.49,
      "231": 12.04,
      "237": 17.15
    }
  },
  "231": {
    "Position": "-610.0:11.0:-345.0",
    "Neighbours": {
      "232": 11.0,
      "230": 12.04
    }
  },
  "232": {
    "Position": "-610.0:11.0:-356.0",
    "Neighbours": {
      "233": 9.43,
      "231": 11.0
    }
  },
  "233": {
    "Position": "-604.0:13.0:-363.0",
    "Neighbours": {
      "234": 4.24,
      "232": 9.43
    }
  },
  "234": {
    "Position": "-600.0:14.0:-364.0",
    "Neighbours": {
      "233": 4.24,
      "235": 4.47
    }
  },
  "235": {
    "Position": "-596.0:14.0:-362.0",
    "Neighbours": {
      "234": 4.47,
      "236": 9.22
    }
  },
  "236": {
    "Position": "-587.0:14.0:-360.0",
    "Neighbours": {
      "235": 9.22,
      "237": 12.08,
      "238": 15.65
    }
  },
  "237": {
    "Position": "-588.0:13.0:-348.0",
    "Neighbours": {
      "204": 8.49,
      "236": 12.08,
      "238": 13.15,
      "203": 14.35,
      "230": 17.15
    }
  },
  "238": {
    "Position": "-575.0:13.0:-350.0",
    "Neighbours": {
      "205": 8.12,
      "204": 10.63,
      "237": 13.15,
      "236": 15.65,
      "206": 16.12
    }
  },
  "239": {
    "Position": "-551.0:32.0:-344.0",
    "Neighbours": {
      "240": 4.12,
      "215": 9.22
    }
  },
  "240": {
    "Position": "-547.0:32.0:-343.0",
    "Neighbours": {
      "239": 4.12,
      "241": 5.1
    }
  },
  "241": {
    "Position": "-544.0:31.0:-339.0",
    "Neighbours": {
      "240": 5.1,
      "242": 13.45
    }
  },
  "242": {
    "Position": "-544.0:22.0:-329.0",
    "Neighbours": {
      "209": 8.94,
      "243": 9.0,
      "241": 13.45
    }
  },
  "243": {
    "Position": "-544.0:22.0:-320.0",
    "Neighbours": {
      "242": 9.0,
      "209": 9.43
    }
  },
  "244": {
    "Position": "-577.0:27.0:-324.0",
    "Neighbours": {
      "211": 7.62,
      "210": 8.31
    }
  },
  "245": {
    "Position": "-689.0:7.0:-272.0",
    "Name": "Golem Spawn",
    "Tags": [
      "end_golem"
    ],
    "Neighbours": {
      "188": 11.45,
      "180": 13.45,
      "166": 18.14
    }
  },
  "246": {
    "Position": "-644.0:7.0:-269.0",
    "Name": "Golem Spawn",
    "Tags": [
      "end_golem"
    ],
    "Neighbours": {
      "247": 8.12,
      "150": 13.08,
      "149": 14.18,
      "176": 18.38
    }
  },
  "247": {
    "Position": "-648.0:6.0:-276.0",
    "Neighbours": {
      "246": 8.12,
      "159": 11.31,
      "156": 12.0,
      "149": 14.32,
      "412": 25.63
    }
  },
  "248": {
    "Position": "-678.0:7.0:-332.0",
    "Name": "Golem Spawn",
    "Tags": [
      "end_golem"
    ],
    "Neighbours": {
      "134": 8.66,
      "135": 12.08,
      "249": 14.07,
      "136": 21.95
    }
  },
  "249": {
    "Position": "-679.0:6.0:-318.0",
    "Neighbours": {
      "414": 7.87,
      "134": 10.82,
      "167": 11.05,
      "135": 11.66,
      "248": 14.07
    }
  },
  "250": {
    "Position": "-638.0:7.0:-327.0",
    "Name": "Golem Spawn",
    "Tags": [
      "end_golem"
    ],
    "Neighbours": {
      "147": 6.08,
      "146": 6.4
    }
  },
  "251": {
    "Position": "-648.0:6.0:-218.0",
    "Name": "Golem Spawn",
    "Tags": [
      "end_golem"
    ],
    "Neighbours": {
      "119": 12.81,
      "117": 18.71
    }
  },
  "252": {
    "Position": "-644.0:11.0:-291.0",
    "Neighbours": {
      "405": 3.16,
      "171": 6.71,
      "172": 6.71
    }
  },
  "253": {
    "Position": "-615.0:6.0:-271.0",
    "Name": "Void Slate",
    "Tags": [
      "area"
    ],
    "Neighbours": {
      "112": 3.0,
      "192": 9.43,
      "113": 10.49,
      "307": 104.39
    }
  },
  "254": {
    "Position": "-615.0:6.0:-281.0",
    "Name": "Void Slate",
    "Tags": [
      "area"
    ],
    "Neighbours": {
      "193": 3.0,
      "192": 9.43,
      "111": 10.49,
      "307": 111.08
    }
  },
  "255": {
    "Position": "-570.0:41.0:-210.0",
    "Neighbours": {
      "586": 4.0,
      "85": 5.48,
      "667": 7.68
    }
  },
  "256": {
    "Position": "-548.0:74.0:-250.0",
    "Neighbours": {
      "257": 7.07,
      "76": 7.21,
      "259": 8.37
    }
  },
  "257": {
    "Position": "-549.0:74.0:-257.0",
    "Neighbours": {
      "599": 4.24,
      "306": 6.71,
      "256": 7.07,
      "258": 8.31
    }
  },
  "258": {
    "Position": "-556.0:76.0:-253.0",
    "Neighbours": {
      "597": 7.28,
      "257": 8.31,
      "598": 9.27,
      "259": 9.54
    }
  },
  "259": {
    "Position": "-553.0:77.0:-244.0",
    "Neighbours": {
      "256": 8.37,
      "258": 9.54,
      "260": 9.8
    }
  },
  "260": {
    "Position": "-557.0:81.0:-236.0",
    "Neighbours": {
      "261": 9.17,
      "259": 9.8
    }
  },
  "261": {
    "Position": "-559.0:85.0:-228.0",
    "Neighbours": {
      "262": 7.07,
      "263": 7.48,
      "260": 9.17
    }
  },
  "262": {
    "Position": "-564.0:85.0:-223.0",
    "Neighbours": {
      "605": 4.24,
      "261": 7.07,
      "263": 11.22
    }
  },
  "263": {
    "Position": "-553.0:87.0:-224.0",
    "Neighbours": {
      "264": 6.4,
      "261": 7.48,
      "262": 11.22
    }
  },
  "264": {
    "Position": "-552.0:89.0:-230.0",
    "Neighbours": {
      "263": 6.4,
      "265": 10.49
    }
  },
  "265": {
    "Position": "-550.0:94.0:-239.0",
    "Neighbours": {
      "267": 8.19,
      "266": 8.6,
      "264": 10.49
    }
  },
  "266": {
    "Position": "-543.0:97.0:-243.0",
    "Neighbours": {
      "620": 6.71,
      "265": 8.6,
      "267": 10.44
    }
  },
  "267": {
    "Position": "-553.0:97.0:-246.0",
    "Neighbours": {
      "326": 7.48,
      "268": 7.55,
      "265": 8.19,
      "266": 10.44
    }
  },
  "268": {
    "Position": "-551.0:99.0:-253.0",
    "Neighbours": {
      "267": 7.55,
      "327": 8.12,
      "269": 13.15
    }
  },
  "269": {
    "Position": "-541.0:102.0:-261.0",
    "Neighbours": {
      "272": 6.32,
      "268": 13.15,
      "270": 14.14
    }
  },
  "270": {
    "Position": "-527.0:102.0:-259.0",
    "Neighbours": {
      "618": 8.54,
      "271": 12.17,
      "269": 14.14
    }
  },
  "271": {
    "Position": "-525.0:102.0:-271.0",
    "Neighbours": {
      "625": 3.16,
      "8": 10.05,
      "57": 10.49,
      "628": 10.77,
      "270": 12.17,
      "272": 12.81
    }
  },
  "272": {
    "Position": "-535.0:102.0:-263.0",
    "Neighbours": {
      "628": 4.0,
      "269": 6.32,
      "271": 12.81
    }
  },
  "273": {
    "Position": "-561.0:100.0:-290.0",
    "Neighbours": {
      "615": 6.16,
      "617": 8.6,
      "275": 9.27
    }
  },
  "274": {
    "Position": "-566.0:101.0:-274.0",
    "Neighbours": {
      "321": 7.14,
      "276": 10.82,
      "616": 11.18
    }
  },
  "275": {
    "Position": "-570.0:98.0:-291.0",
    "Neighbours": {
      "276": 7.28,
      "273": 9.27,
      "277": 11.18
    }
  },
  "276": {
    "Position": "-570.0:100.0:-284.0",
    "Neighbours": {
      "275": 7.28,
      "274": 10.82
    }
  },
  "277": {
    "Position": "-576.0:93.0:-299.0",
    "Neighbours": {
      "278": 9.43,
      "275": 11.18
    }
  },
  "278": {
    "Position": "-576.0:88.0:-307.0",
    "Neighbours": {
      "277": 9.43,
      "279": 9.43,
      "280": 13.93
    }
  },
  "279": {
    "Position": "-573.0:84.0:-315.0",
    "Neighbours": {
      "614": 5.39,
      "280": 6.4,
      "278": 9.43
    }
  },
  "280": {
    "Position": "-577.0:81.0:-319.0",
    "Neighbours": {
      "279": 6.4,
      "281": 7.81,
      "278": 13.93
    }
  },
  "281": {
    "Position": "-574.0:77.0:-325.0",
    "Neighbours": {
      "280": 7.81,
      "282": 7.81
    }
  },
  "282": {
    "Position": "-568.0:73.0:-328.0",
    "Neighbours": {
      "281": 7.81,
      "283": 9.85
    }
  },
  "283": {
    "Position": "-559.0:69.0:-328.0",
    "Neighbours": {
      "284": 9.0,
      "282": 9.85
    }
  },
  "284": {
    "Position": "-551.0:70.0:-324.0",
    "Neighbours": {
      "285": 3.74,
      "283": 9.0
    }
  },
  "285": {
    "Position": "-549.0:71.0:-321.0",
    "Neighbours": {
      "284": 3.74,
      "286": 6.63,
      "288": 7.68
    }
  },
  "286": {
    "Position": "-547.0:73.0:-315.0",
    "Neighbours": {
      "285": 6.63,
      "608": 7.07,
      "287": 7.35
    }
  },
  "287": {
    "Position": "-540.0:71.0:-314.0",
    "Neighbours": {
      "286": 7.35,
      "288": 8.77,
      "301": 9.85
    }
  },
  "288": {
    "Position": "-542.0:74.0:-322.0",
    "Neighbours": {
      "289": 7.14,
      "285": 7.68,
      "287": 8.77
    }
  },
  "289": {
    "Position": "-537.0:75.0:-327.0",
    "Neighbours": {
      "288": 7.14,
      "290": 8.54
    }
  },
  "290": {
    "Position": "-529.0:78.0:-327.0",
    "Neighbours": {
      "289": 8.54,
      "291": 8.72
    }
  },
  "291": {
    "Position": "-523.0:80.0:-321.0",
    "Neighbours": {
      "292": 6.4,
      "290": 8.72
    }
  },
  "292": {
    "Position": "-522.0:82.0:-315.0",
    "Neighbours": {
      "293": 5.1,
      "291": 6.4
    }
  },
  "293": {
    "Position": "-521.0:82.0:-310.0",
    "Neighbours": {
      "292": 5.1,
      "294": 5.92,
      "65": 8.49
    }
  },
  "294": {
    "Position": "-524.0:83.0:-305.0",
    "Neighbours": {
      "295": 4.47,
      "293": 5.92,
      "65": 6.56
    }
  },
  "295": {
    "Position": "-528.0:85.0:-305.0",
    "Neighbours": {
      "294": 4.47,
      "64": 11.58
    }
  },
  "296": {
    "Position": "-528.0:69.0:-291.0",
    "Neighbours": {
      "297": 8.06,
      "68": 8.54,
      "298": 9.54
    }
  },
  "297": {
    "Position": "-534.0:71.0:-296.0",
    "Neighbours": {
      "298": 6.78,
      "296": 8.06,
      "301": 9.22
    }
  },
  "298": {
    "Position": "-537.0:72.0:-290.0",
    "Neighbours": {
      "297": 6.78,
      "299": 7.48,
      "300": 9.22,
      "296": 9.54
    }
  },
  "299": {
    "Position": "-543.0:74.0:-286.0",
    "Neighbours": {
      "593": 7.35,
      "298": 7.48,
      "300": 7.81,
      "592": 8.49
    }
  },
  "300": {
    "Position": "-537.0:74.0:-281.0",
    "Neighbours": {
      "299": 7.81,
      "302": 8.0,
      "298": 9.22
    }
  },
  "301": {
    "Position": "-536.0:71.0:-305.0",
    "Neighbours": {
      "297": 9.22,
      "287": 9.85
    }
  },
  "302": {
    "Position": "-537.0:74.0:-273.0",
    "Neighbours": {
      "304": 4.12,
      "630": 5.0,
      "303": 5.2,
      "300": 8.0
    }
  },
  "303": {
    "Position": "-542.0:75.0:-274.0",
    "Neighbours": {
      "302": 5.2,
      "591": 5.83,
      "304": 7.87
    }
  },
  "304": {
    "Position": "-536.0:74.0:-269.0",
    "Neighbours": {
      "630": 4.0,
      "302": 4.12,
      "73": 7.48,
      "303": 7.87,
      "305": 7.87
    }
  },
  "305": {
    "Position": "-539.0:72.0:-262.0",
    "Neighbours": {
      "306": 4.9,
      "73": 7.07,
      "304": 7.87
    }
  },
  "306": {
    "Position": "-543.0:74.0:-260.0",
    "Neighbours": {
      "305": 4.9,
      "257": 6.71
    }
  },
  "307": {
    "Position": "-618.0:86.0:-204.0",
    "Name": "Zealot Bruiser Hideout",
    "Tags": [
      "area"
    ],
    "Neighbours": {
      "419": 6.0,
      "420": 11.36,
      "253": 104.39,
      "254": 111.08
    }
  },
  "308": {
    "Position": "-495.0:101.0:-260.0",
    "Neighbours": {
      "7": 8.6,
      "309": 8.94
    }
  },
  "309": {
    "Position": "-487.0:97.0:-260.0",
    "Neighbours": {
      "310": 5.39,
      "308": 8.94
    }
  },
  "310": {
    "Position": "-484.0:93.0:-262.0",
    "Neighbours": {
      "309": 5.39,
      "311": 8.37
    }
  },
  "311": {
    "Position": "-478.0:88.0:-259.0",
    "Neighbours": {
      "312": 4.69,
      "310": 8.37
    }
  },
  "312": {
    "Position": "-480.0:85.0:-256.0",
    "Neighbours": {
      "311": 4.69,
      "313": 7.35
    }
  },
  "313": {
    "Position": "-475.0:80.0:-254.0",
    "Neighbours": {
      "312": 7.35,
      "314": 9.54
    }
  },
  "314": {
    "Position": "-478.0:79.0:-263.0",
    "Neighbours": {
      "315": 9.27,
      "313": 9.54
    }
  },
  "315": {
    "Position": "-485.0:78.0:-269.0",
    "Neighbours": {
      "314": 9.27,
      "316": 11.79
    }
  },
  "316": {
    "Position": "-482.0:67.0:-272.0",
    "Neighbours": {
      "317": 9.0,
      "315": 11.79
    }
  },
  "317": {
    "Position": "-474.0:68.0:-276.0",
    "Neighbours": {
      "316": 9.0,
      "318": 16.82
    }
  },
  "318": {
    "Position": "-467.0:53.0:-279.0",
    "Neighbours": {
      "319": 8.6,
      "317": 16.82
    }
  },
  "319": {
    "Position": "-459.0:52.0:-276.0",
    "Neighbours": {
      "320": 7.35,
      "318": 8.6
    }
  },
  "320": {
    "Position": "-452.0:51.0:-274.0",
    "Name": "Hoppity",
    "Tags": [
      "hoppity"
    ],
    "Neighbours": {
      "319": 7.35
    }
  },
  "321": {
    "Position": "-567.0:102.0:-267.0",
    "Neighbours": {
      "677": 6.32,
      "322": 6.78,
      "274": 7.14
    }
  },
  "322": {
    "Position": "-570.0:101.0:-261.0",
    "Neighbours": {
      "323": 5.39,
      "680": 6.16,
      "321": 6.78
    }
  },
  "323": {
    "Position": "-570.0:99.0:-256.0",
    "Neighbours": {
      "322": 5.39,
      "324": 6.4
    }
  },
  "324": {
    "Position": "-572.0:98.0:-250.0",
    "Neighbours": {
      "323": 6.4,
      "325": 6.4,
      "328": 6.63
    }
  },
  "325": {
    "Position": "-566.0:99.0:-248.0",
    "Neighbours": {
      "324": 6.4,
      "326": 7.28
    }
  },
  "326": {
    "Position": "-559.0:99.0:-250.0",
    "Neighbours": {
      "327": 4.12,
      "325": 7.28,
      "267": 7.48
    }
  },
  "327": {
    "Position": "-559.0:100.0:-254.0",
    "Neighbours": {
      "326": 4.12,
      "268": 8.12
    }
  },
  "328": {
    "Position": "-578.0:96.0:-252.0",
    "Neighbours": {
      "675": 4.47,
      "676": 5.83,
      "324": 6.63
    }
  },
  "329": {
    "Position": "-584.0:93.0:-255.0",
    "Neighbours": {
      "675": 3.74,
      "330": 6.71
    }
  },
  "330": {
    "Position": "-582.0:89.0:-260.0",
    "Neighbours": {
      "329": 6.71,
      "331": 7.07
    }
  },
  "331": {
    "Position": "-579.0:85.0:-265.0",
    "Neighbours": {
      "330": 7.07,
      "332": 8.49,
      "333": 9.22
    }
  },
  "332": {
    "Position": "-571.0:83.0:-267.0",
    "Neighbours": {
      "685": 5.0,
      "331": 8.49,
      "333": 10.63,
      "601": 11.18
    }
  },
  "333": {
    "Position": "-579.0:83.0:-274.0",
    "Neighbours": {
      "686": 7.07,
      "331": 9.22,
      "334": 9.7,
      "332": 10.63
    }
  },
  "334": {
    "Position": "-586.0:80.0:-280.0",
    "Neighbours": {
      "333": 9.7,
      "335": 10.77
    }
  },
  "335": {
    "Position": "-586.0:76.0:-290.0",
    "Neighbours": {
      "336": 8.49,
      "334": 10.77
    }
  },
  "336": {
    "Position": "-584.0:74.0:-298.0",
    "Neighbours": {
      "335": 8.49,
      "337": 8.66
    }
  },
  "337": {
    "Position": "-577.0:75.0:-303.0",
    "Neighbours": {
      "338": 8.6,
      "336": 8.66
    }
  },
  "338": {
    "Position": "-570.0:75.0:-298.0",
    "Neighbours": {
      "339": 7.28,
      "337": 8.6
    }
  },
  "339": {
    "Position": "-564.0:74.0:-294.0",
    "Neighbours": {
      "340": 7.14,
      "338": 7.28,
      "341": 11.45
    }
  },
  "340": {
    "Position": "-563.0:73.0:-287.0",
    "Neighbours": {
      "594": 6.16,
      "339": 7.14,
      "341": 8.0
    }
  },
  "341": {
    "Position": "-555.0:73.0:-287.0",
    "Neighbours": {
      "593": 5.83,
      "340": 8.0,
      "594": 9.27,
      "339": 11.45
    }
  },
  "342": {
    "Position": "-503.0:102.0:-299.0",
    "Name": "Hoppity",
    "Tags": [
      "hoppity"
    ],
    "Neighbours": {
      "6": 5.2,
      "5": 7.87
    }
  },
  "343": {
    "Position": "-541.0:129.0:-256.0",
    "Neighbours": {
      "344": 4.58,
      "22": 6.71
    }
  },
  "344": {
    "Position": "-543.0:133.0:-257.0",
    "Neighbours": {
      "343": 4.58,
      "345": 4.58
    }
  },
  "345": {
    "Position": "-545.0:137.0:-258.0",
    "Neighbours": {
      "344": 4.58,
      "346": 4.58
    }
  },
  "346": {
    "Position": "-547.0:141.0:-259.0",
    "Neighbours": {
      "345": 4.58,
      "347": 4.9
    }
  },
  "347": {
    "Position": "-549.0:145.0:-261.0",
    "Neighbours": {
      "348": 4.58,
      "346": 4.9
    }
  },
  "348": {
    "Position": "-551.0:149.0:-262.0",
    "Neighbours": {
      "347": 4.58,
      "349": 5.39
    }
  },
  "349": {
    "Position": "-553.0:153.0:-265.0",
    "Neighbours": {
      "348": 5.39,
      "350": 5.39
    }
  },
  "350": {
    "Position": "-555.0:157.0:-268.0",
    "Neighbours": {
      "351": 4.9,
      "349": 5.39
    }
  },
  "351": {
    "Position": "-557.0:161.0:-270.0",
    "Neighbours": {
      "350": 4.9,
      "352": 5.39
    }
  },
  "352": {
    "Position": "-559.0:165.0:-273.0",
    "Neighbours": {
      "353": 4.9,
      "351": 5.39
    }
  },
  "353": {
    "Position": "-561.0:169.0:-275.0",
    "Neighbours": {
      "352": 4.9,
      "354": 5.39
    }
  },
  "354": {
    "Position": "-563.0:173.0:-278.0",
    "Neighbours": {
      "355": 4.58,
      "353": 5.39
    }
  },
  "355": {
    "Position": "-565.0:177.0:-279.0",
    "Neighbours": {
      "356": 4.47,
      "354": 4.58
    }
  },
  "356": {
    "Position": "-567.0:181.0:-279.0",
    "Neighbours": {
      "355": 4.47,
      "357": 4.58
    }
  },
  "357": {
    "Position": "-569.0:185.0:-278.0",
    "Neighbours": {
      "356": 4.58,
      "358": 4.58
    }
  },
  "358": {
    "Position": "-571.0:189.0:-277.0",
    "Neighbours": {
      "357": 4.58,
      "359": 4.9
    }
  },
  "359": {
    "Position": "-573.0:193.0:-275.0",
    "Neighbours": {
      "358": 4.9,
      "360": 5.39
    }
  },
  "360": {
    "Position": "-575.0:197.0:-272.0",
    "Neighbours": {
      "359": 5.39,
      "361": 5.74
    }
  },
  "361": {
    "Position": "-577.0:202.0:-270.0",
    "Neighbours": {
      "362": 4.58,
      "360": 5.74
    }
  },
  "362": {
    "Position": "-579.0:206.0:-271.0",
    "Neighbours": {
      "408": 3.74,
      "361": 4.58
    }
  },
  "363": {
    "Position": "-583.0:210.0:-272.0",
    "Name": "Hoppity",
    "Tags": [
      "hoppity"
    ],
    "Neighbours": {
      "408": 2.24
    }
  },
  "364": {
    "Position": "-619.0:16.0:-270.0",
    "Neighbours": {
      "115": 3.16,
      "106": 6.0,
      "365": 6.4
    }
  },
  "365": {
    "Position": "-614.0:16.0:-266.0",
    "Neighbours": {
      "483": 4.24,
      "364": 6.4
    }
  },
  "366": {
    "Position": "-607.0:16.0:-259.0",
    "Neighbours": {
      "483": 5.66,
      "367": 7.81
    }
  },
  "367": {
    "Position": "-601.0:21.0:-259.0",
    "Neighbours": {
      "482": 3.16,
      "368": 4.24,
      "366": 7.81
    }
  },
  "368": {
    "Position": "-602.0:22.0:-255.0",
    "Neighbours": {
      "482": 2.45,
      "369": 3.32,
      "367": 4.24
    }
  },
  "369": {
    "Position": "-603.0:21.0:-252.0",
    "Neighbours": {
      "368": 3.32,
      "370": 6.71
    }
  },
  "370": {
    "Position": "-606.0:21.0:-246.0",
    "Neighbours": {
      "371": 4.24,
      "369": 6.71
    }
  },
  "371": {
    "Position": "-607.0:22.0:-242.0",
    "Neighbours": {
      "370": 4.24,
      "372": 5.1
    }
  },
  "372": {
    "Position": "-610.0:23.0:-238.0",
    "Neighbours": {
      "371": 5.1,
      "373": 5.39
    }
  },
  "373": {
    "Position": "-612.0:23.0:-233.0",
    "Neighbours": {
      "374": 4.58,
      "372": 5.39
    }
  },
  "374": {
    "Position": "-616.0:24.0:-231.0",
    "Neighbours": {
      "373": 4.58,
      "375": 6.71
    }
  },
  "375": {
    "Position": "-619.0:24.0:-225.0",
    "Neighbours": {
      "376": 4.36,
      "374": 6.71
    }
  },
  "376": {
    "Position": "-622.0:25.0:-222.0",
    "Neighbours": {
      "375": 4.36,
      "377": 5.92
    }
  },
  "377": {
    "Position": "-627.0:26.0:-219.0",
    "Neighbours": {
      "378": 5.83,
      "376": 5.92
    }
  },
  "378": {
    "Position": "-632.0:26.0:-216.0",
    "Neighbours": {
      "379": 4.58,
      "377": 5.83
    }
  },
  "379": {
    "Position": "-636.0:27.0:-214.0",
    "Neighbours": {
      "378": 4.58,
      "380": 6.4
    }
  },
  "380": {
    "Position": "-641.0:27.0:-210.0",
    "Neighbours": {
      "381": 5.1,
      "379": 6.4
    }
  },
  "381": {
    "Position": "-645.0:28.0:-207.0",
    "Neighbours": {
      "382": 3.16,
      "380": 5.1
    }
  },
  "382": {
    "Position": "-648.0:29.0:-207.0",
    "Neighbours": {
      "381": 3.16,
      "383": 5.1
    }
  },
  "383": {
    "Position": "-653.0:30.0:-207.0",
    "Neighbours": {
      "384": 4.12,
      "382": 5.1
    }
  },
  "384": {
    "Position": "-657.0:31.0:-207.0",
    "Neighbours": {
      "383": 4.12,
      "385": 5.1
    }
  },
  "385": {
    "Position": "-662.0:31.0:-206.0",
    "Neighbours": {
      "662": 3.32,
      "384": 5.1
    }
  },
  "386": {
    "Position": "-667.0:33.0:-206.0",
    "Neighbours": {
      "662": 2.45,
      "387": 3.0,
      "659": 4.0,
      "661": 5.0
    }
  },
  "387": {
    "Position": "-667.0:33.0:-209.0",
    "Name": "Hoppity",
    "Tags": [
      "hoppity"
    ],
    "Neighbours": {
      "386": 3.0,
      "661": 4.0
    }
  },
  "388": {
    "Position": "-655.0:27.0:-240.0",
    "Neighbours": {
      "663": 2.24,
      "660": 3.16,
      "389": 3.61
    }
  },
  "389": {
    "Position": "-655.0:25.0:-237.0",
    "Neighbours": {
      "388": 3.61,
      "402": 6.78
    }
  },
  "390": {
    "Position": "-661.0:13.0:-249.0",
    "Neighbours": {
      "391": 8.54,
      "402": 14.21
    }
  },
  "391": {
    "Position": "-653.0:10.0:-249.0",
    "Neighbours": {
      "392": 6.4,
      "390": 8.54,
      "394": 12.0
    }
  },
  "392": {
    "Position": "-653.0:6.0:-254.0",
    "Neighbours": {
      "391": 6.4,
      "176": 9.22,
      "393": 10.0,
      "177": 11.4,
      "158": 14.32
    }
  },
  "393": {
    "Position": "-647.0:6.0:-262.0",
    "Neighbours": {
      "392": 10.0,
      "176": 13.15,
      "150": 14.0
    }
  },
  "394": {
    "Position": "-653.0:10.0:-237.0",
    "Neighbours": {
      "395": 4.12,
      "391": 12.0
    }
  },
  "395": {
    "Position": "-653.0:9.0:-233.0",
    "Neighbours": {
      "394": 4.12,
      "396": 6.32
    }
  },
  "396": {
    "Position": "-647.0:11.0:-233.0",
    "Neighbours": {
      "395": 6.32,
      "397": 10.82
    }
  },
  "397": {
    "Position": "-647.0:17.0:-242.0",
    "Neighbours": {
      "398": 4.47,
      "396": 10.82
    }
  },
  "398": {
    "Position": "-651.0:19.0:-242.0",
    "Neighbours": {
      "397": 4.47,
      "399": 5.39
    }
  },
  "399": {
    "Position": "-653.0:19.0:-237.0",
    "Neighbours": {
      "400": 3.61,
      "398": 5.39
    }
  },
  "400": {
    "Position": "-656.0:19.0:-235.0",
    "Neighbours": {
      "399": 3.61,
      "401": 5.83
    }
  },
  "401": {
    "Position": "-661.0:22.0:-235.0",
    "Neighbours": {
      "402": 3.0,
      "400": 5.83
    }
  },
  "402": {
    "Position": "-661.0:22.0:-238.0",
    "Neighbours": {
      "401": 3.0,
      "389": 6.78,
      "390": 14.21
    }
  },
  "403": {
    "Position": "-638.0:6.0:-282.0",
    "Neighbours": {
      "149": 5.0,
      "148": 5.74,
      "404": 7.21
    }
  },
  "404": {
    "Position": "-638.0:10.0:-288.0",
    "Neighbours": {
      "405": 5.1,
      "403": 7.21
    }
  },
  "405": {
    "Position": "-643.0:11.0:-288.0",
    "Neighbours": {
      "252": 3.16,
      "404": 5.1
    }
  },
  "406": {
    "Position": "-503.0:104.0:-258.0",
    "Neighbours": {
      "7": 5.39,
      "9": 5.66
    }
  },
  "407": {
    "Position": "-510.0:110.0:-251.0",
    "Name": "Hoppity",
    "Tags": [
      "hoppity"
    ],
    "Neighbours": {
      "11": 2.24,
      "10": 3.61
    }
  },
  "408": {
    "Position": "-581.0:209.0:-272.0",
    "Neighbours": {
      "363": 2.24,
      "362": 3.74
    }
  },
  "409": {
    "Position": "-671.0:78.0:-275.0",
    "Name": "Hoppity",
    "Tags": [
      "hoppity"
    ],
    "Neighbours": {
      "410": 17.46
    }
  },
  "410": {
    "Position": "-661.0:64.0:-278.0",
    "Neighbours": {
      "411": 16.16,
      "409": 17.46
    }
  },
  "411": {
    "Position": "-659.0:48.0:-277.0",
    "Neighbours": {
      "410": 16.16,
      "412": 18.14
    }
  },
  "412": {
    "Position": "-657.0:30.0:-276.0",
    "Neighbours": {
      "411": 18.14,
      "156": 24.19,
      "247": 25.63,
      "160": 27.86,
      "176": 29.0,
      "149": 33.38,
      "150": 36.72
    }
  },
  "413": {
    "Position": "-777.0:101.0:-300.0",
    "Name": "Hoppity",
    "Tags": [
      "hoppity"
    ],
    "Neighbours": {
      "56": 3.32
    }
  },
  "414": {
    "Position": "-686.0:9.0:-316.0",
    "Neighbours": {
      "249": 7.87,
      "415": 7.87
    }
  },
  "415": {
    "Position": "-693.0:12.0:-314.0",
    "Neighbours": {
      "414": 7.87,
      "416": 10.63
    }
  },
  "416": {
    "Position": "-701.0:19.0:-314.0",
    "Neighbours": {
      "654": 2.83,
      "648": 3.0,
      "417": 6.4,
      "415": 10.63
    }
  },
  "417": {
    "Position": "-697.0:19.0:-309.0",
    "Neighbours": {
      "648": 4.47,
      "645": 4.58,
      "416": 6.4
    }
  },
  "418": {
    "Position": "-715.0:41.0:-317.0",
    "Name": "Hoppity",
    "Tags": [
      "hoppity"
    ],
    "Neighbours": {
      "647": 3.0,
      "649": 5.48
    }
  },
  "419": {
    "Position": "-612.0:86.0:-204.0",
    "Neighbours": {
      "664": 4.58,
      "307": 6.0,
      "420": 8.31
    }
  },
  "420": {
    "Position": "-610.0:85.0:-196.0",
    "Name": "Zealot Bruiser",
    "Tags": [
      "grind_mobs"
    ],
    "Neighbours": {
      "419": 8.31,
      "421": 8.77,
      "307": 11.36
    }
  },
  "421": {
    "Position": "-602.0:83.0:-193.0",
    "Neighbours": {
      "420": 8.77,
      "422": 11.75
    }
  },
  "422": {
    "Position": "-591.0:79.0:-192.0",
    "Neighbours": {
      "421": 11.75,
      "423": 13.15
    }
  },
  "423": {
    "Position": "-580.0:75.0:-198.0",
    "Neighbours": {
      "422": 13.15,
      "424": 14.04
    }
  },
  "424": {
    "Position": "-571.0:71.0:-208.0",
    "Neighbours": {
      "425": 11.36,
      "423": 14.04
    }
  },
  "425": {
    "Position": "-564.0:67.0:-216.0",
    "Neighbours": {
      "424": 11.36,
      "426": 12.45
    }
  },
  "426": {
    "Position": "-557.0:62.0:-225.0",
    "Neighbours": {
      "427": 9.9,
      "425": 12.45
    }
  },
  "427": {
    "Position": "-552.0:59.0:-233.0",
    "Neighbours": {
      "430": 5.92,
      "428": 6.0,
      "429": 9.7,
      "426": 9.9
    }
  },
  "428": {
    "Position": "-548.0:57.0:-237.0",
    "Neighbours": {
      "430": 3.32,
      "447": 4.9,
      "427": 6.0
    }
  },
  "429": {
    "Position": "-558.0:56.0:-240.0",
    "Neighbours": {
      "431": 6.16,
      "430": 7.28,
      "427": 9.7
    }
  },
  "430": {
    "Position": "-551.0:56.0:-238.0",
    "Name": "Hoppity",
    "Tags": [
      "hoppity"
    ],
    "Neighbours": {
      "428": 3.32,
      "427": 5.92,
      "429": 7.28
    }
  },
  "431": {
    "Position": "-563.0:54.0:-243.0",
    "Neighbours": {
      "429": 6.16,
      "432": 6.16
    }
  },
  "432": {
    "Position": "-568.0:52.0:-246.0",
    "Neighbours": {
      "431": 6.16,
      "446": 10.44,
      "433": 13.04
    }
  },
  "433": {
    "Position": "-579.0:52.0:-239.0",
    "Neighbours": {
      "432": 13.04,
      "434": 13.64,
      "446": 14.32
    }
  },
  "434": {
    "Position": "-590.0:53.0:-231.0",
    "Neighbours": {
      "435": 6.16,
      "433": 13.64,
      "442": 18.97
    }
  },
  "435": {
    "Position": "-593.0:55.0:-226.0",
    "Neighbours": {
      "434": 6.16,
      "436": 7.28
    }
  },
  "436": {
    "Position": "-597.0:56.0:-220.0",
    "Neighbours": {
      "435": 7.28,
      "437": 10.63
    }
  },
  "437": {
    "Position": "-605.0:56.0:-213.0",
    "Neighbours": {
      "438": 9.49,
      "436": 10.63
    }
  },
  "438": {
    "Position": "-608.0:56.0:-204.0",
    "Neighbours": {
      "439": 8.49,
      "437": 9.49
    }
  },
  "439": {
    "Position": "-602.0:56.0:-198.0",
    "Neighbours": {
      "438": 8.49,
      "440": 9.49
    }
  },
  "440": {
    "Position": "-593.0:56.0:-201.0",
    "Neighbours": {
      "439": 9.49,
      "441": 10.63
    }
  },
  "441": {
    "Position": "-585.0:56.0:-208.0",
    "Neighbours": {
      "442": 8.66,
      "440": 10.63
    }
  },
  "442": {
    "Position": "-580.0:55.0:-215.0",
    "Neighbours": {
      "443": 5.39,
      "441": 8.66,
      "434": 18.97
    }
  },
  "443": {
    "Position": "-577.0:53.0:-219.0",
    "Neighbours": {
      "442": 5.39,
      "444": 8.54
    }
  },
  "444": {
    "Position": "-571.0:52.0:-225.0",
    "Neighbours": {
      "445": 7.07,
      "443": 8.54
    }
  },
  "445": {
    "Position": "-566.0:52.0:-230.0",
    "Neighbours": {
      "446": 6.08,
      "444": 7.07
    }
  },
  "446": {
    "Position": "-565.0:52.0:-236.0",
    "Neighbours": {
      "445": 6.08,
      "432": 10.44,
      "433": 14.32
    }
  },
  "447": {
    "Position": "-544.0:55.0:-239.0",
    "Neighbours": {
      "665": 4.47,
      "428": 4.9,
      "448": 9.9
    }
  },
  "448": {
    "Position": "-539.0:52.0:-247.0",
    "Neighbours": {
      "447": 9.9,
      "449": 11.22
    }
  },
  "449": {
    "Position": "-533.0:49.0:-256.0",
    "Neighbours": {
      "448": 11.22,
      "450": 11.53
    }
  },
  "450": {
    "Position": "-527.0:45.0:-265.0",
    "Neighbours": {
      "451": 8.31,
      "449": 11.53
    }
  },
  "451": {
    "Position": "-523.0:43.0:-272.0",
    "Neighbours": {
      "452": 7.35,
      "450": 8.31
    }
  },
  "452": {
    "Position": "-520.0:40.0:-278.0",
    "Neighbours": {
      "480": 5.48,
      "451": 7.35,
      "453": 8.31
    }
  },
  "453": {
    "Position": "-522.0:39.0:-286.0",
    "Neighbours": {
      "452": 8.31,
      "454": 12.53
    }
  },
  "454": {
    "Position": "-528.0:39.0:-297.0",
    "Neighbours": {
      "455": 7.28,
      "453": 12.53
    }
  },
  "455": {
    "Position": "-526.0:39.0:-304.0",
    "Neighbours": {
      "454": 7.28,
      "456": 9.22
    }
  },
  "456": {
    "Position": "-524.0:39.0:-313.0",
    "Neighbours": {
      "459": 7.28,
      "460": 7.81,
      "457": 7.87,
      "455": 9.22
    }
  },
  "457": {
    "Position": "-529.0:40.0:-319.0",
    "Neighbours": {
      "458": 7.14,
      "456": 7.87
    }
  },
  "458": {
    "Position": "-524.0:41.0:-324.0",
    "Neighbours": {
      "459": 6.48,
      "457": 7.14
    }
  },
  "459": {
    "Position": "-520.0:40.0:-319.0",
    "Neighbours": {
      "458": 6.48,
      "456": 7.28
    }
  },
  "460": {
    "Position": "-519.0:39.0:-307.0",
    "Neighbours": {
      "461": 6.48,
      "456": 7.81
    }
  },
  "461": {
    "Position": "-514.0:40.0:-303.0",
    "Neighbours": {
      "460": 6.48,
      "462": 8.25
    }
  },
  "462": {
    "Position": "-512.0:40.0:-295.0",
    "Neighbours": {
      "461": 8.25,
      "463": 9.27
    }
  },
  "463": {
    "Position": "-510.0:39.0:-286.0",
    "Neighbours": {
      "480": 7.81,
      "462": 9.27,
      "464": 10.05
    }
  },
  "464": {
    "Position": "-509.0:39.0:-276.0",
    "Neighbours": {
      "480": 7.21,
      "465": 8.0,
      "463": 10.05
    }
  },
  "465": {
    "Position": "-509.0:39.0:-268.0",
    "Neighbours": {
      "464": 8.0,
      "466": 10.49
    }
  },
  "466": {
    "Position": "-512.0:40.0:-258.0",
    "Neighbours": {
      "467": 4.47,
      "465": 10.49,
      "468": 12.08
    }
  },
  "467": {
    "Position": "-514.0:40.0:-254.0",
    "Neighbours": {
      "466": 4.47
    }
  },
  "468": {
    "Position": "-517.0:40.0:-247.0",
    "Neighbours": {
      "469": 7.68,
      "466": 12.08
    }
  },
  "469": {
    "Position": "-520.0:39.0:-240.0",
    "Neighbours": {
      "470": 6.32,
      "468": 7.68
    }
  },
  "470": {
    "Position": "-522.0:39.0:-234.0",
    "Neighbours": {
      "469": 6.32,
      "471": 8.94
    }
  },
  "471": {
    "Position": "-526.0:39.0:-226.0",
    "Neighbours": {
      "472": 4.12,
      "470": 8.94
    }
  },
  "472": {
    "Position": "-527.0:39.0:-222.0",
    "Neighbours": {
      "471": 4.12,
      "473": 5.92
    }
  },
  "473": {
    "Position": "-532.0:40.0:-219.0",
    "Neighbours": {
      "472": 5.92,
      "475": 8.12
    }
  },
  "474": {
    "Position": "-536.0:39.0:-239.0",
    "Neighbours": {
      "476": 10.3,
      "475": 13.0
    }
  },
  "475": {
    "Position": "-536.0:39.0:-226.0",
    "Neighbours": {
      "473": 8.12,
      "474": 13.0
    }
  },
  "476": {
    "Position": "-531.0:39.0:-248.0",
    "Neighbours": {
      "474": 10.3,
      "477": 12.25
    }
  },
  "477": {
    "Position": "-524.0:40.0:-258.0",
    "Neighbours": {
      "478": 7.81,
      "476": 12.25
    }
  },
  "478": {
    "Position": "-518.0:40.0:-263.0",
    "Neighbours": {
      "479": 7.68,
      "477": 7.81
    }
  },
  "479": {
    "Position": "-515.0:39.0:-270.0",
    "Neighbours": {
      "478": 7.68,
      "480": 10.0
    }
  },
  "480": {
    "Position": "-515.0:39.0:-280.0",
    "Neighbours": {
      "452": 5.48,
      "464": 7.21,
      "463": 7.81,
      "479": 10.0
    }
  },
  "481": {
    "Position": "-565.0:7.0:-316.0",
    "Name": "Hoppity",
    "Tags": [
      "hoppity"
    ],
    "Neighbours": {
      "198": 3.0
    }
  },
  "482": {
    "Position": "-600.0:21.0:-256.0",
    "Name": "Hoppity",
    "Tags": [
      "hoppity"
    ],
    "Neighbours": {
      "368": 2.45,
      "367": 3.16
    }
  },
  "483": {
    "Position": "-611.0:16.0:-263.0",
    "Neighbours": {
      "365": 4.24,
      "366": 5.66
    }
  },
  "484": {
    "Position": "-682.0:6.0:-250.0",
    "Neighbours": {
      "181": 6.08,
      "180": 10.05,
      "485": 11.4
    }
  },
  "485": {
    "Position": "-682.0:13.0:-241.0",
    "Neighbours": {
      "486": 5.0,
      "484": 11.4
    }
  },
  "486": {
    "Position": "-686.0:16.0:-241.0",
    "Neighbours": {
      "485": 5.0,
      "487": 5.83
    }
  },
  "487": {
    "Position": "-686.0:19.0:-236.0",
    "Neighbours": {
      "655": 2.24,
      "658": 4.12,
      "486": 5.83
    }
  },
  "488": {
    "Position": "-722.0:56.0:-231.0",
    "Name": "Hoppity",
    "Tags": [
      "hoppity"
    ],
    "Neighbours": {
      "656": 1.73
    }
  },
  "489": {
    "Position": "-594.0:6.0:-280.0",
    "Neighbours": {
      "191": 5.0,
      "490": 5.1
    }
  },
  "490": {
    "Position": "-591.0:5.0:-276.0",
    "Name": "Hoppity",
    "Tags": [
      "hoppity"
    ],
    "Neighbours": {
      "489": 5.1,
      "191": 6.08
    }
  },
  "491": {
    "Position": "-538.0:102.0:-271.0",
    "Name": "Hoppity",
    "Tags": [
      "hoppity"
    ],
    "Neighbours": {
      "57": 4.36
    }
  },
  "492": {
    "Position": "-662.0:5.0:-248.0",
    "Name": "Hoppity",
    "Tags": [
      "hoppity"
    ],
    "Neighbours": {
      "177": 3.74
    }
  },
  "493": {
    "Position": "-599.0:23.0:-276.0",
    "Name": "no_area",
    "Tags": [
      "area"
    ],
    "Neighbours": {
      "103": 3.0,
      "104": 4.0
    }
  },
  "494": {
    "Position": "-573.0:9.0:-317.0",
    "Neighbours": {
      "199": 5.92,
      "200": 6.4
    }
  },
  "495": {
    "Position": "-574.0:23.0:-249.0",
    "Neighbours": {
      "496": 7.14,
      "96": 7.35,
      "97": 14.18
    }
  },
  "496": {
    "Position": "-581.0:24.0:-248.0",
    "Neighbours": {
      "497": 6.63,
      "495": 7.14
    }
  },
  "497": {
    "Position": "-587.0:26.0:-246.0",
    "Neighbours": {
      "496": 6.63,
      "498": 7.0
    }
  },
  "498": {
    "Position": "-593.0:28.0:-243.0",
    "Neighbours": {
      "499": 4.12,
      "497": 7.0
    }
  },
  "499": {
    "Position": "-594.0:28.0:-239.0",
    "Neighbours": {
      "498": 4.12,
      "89": 12.69
    }
  },
  "500": {
    "Position": "-565.0:19.0:-263.0",
    "Neighbours": {
      "98": 5.2,
      "97": 6.32,
      "94": 18.68
    }
  },
  "501": {
    "Position": "-536.0:24.0:-267.0",
    "Neighbours": {
      "95": 5.2,
      "502": 8.6
    }
  },
  "502": {
    "Position": "-529.0:24.0:-272.0",
    "Neighbours": {
      "501": 8.6,
      "503": 9.7
    }
  },
  "503": {
    "Position": "-527.0:21.0:-281.0",
    "Neighbours": {
      "504": 7.0,
      "502": 9.7
    }
  },
  "504": {
    "Position": "-529.0:18.0:-287.0",
    "Neighbours": {
      "506": 5.74,
      "503": 7.0,
      "505": 9.22
    }
  },
  "505": {
    "Position": "-523.0:18.0:-294.0",
    "Neighbours": {
      "507": 5.48,
      "506": 8.49,
      "504": 9.22
    }
  },
  "506": {
    "Position": "-531.0:16.0:-292.0",
    "Neighbours": {
      "504": 5.74,
      "505": 8.49,
      "521": 9.27
    }
  },
  "507": {
    "Position": "-521.0:19.0:-299.0",
    "Neighbours": {
      "505": 5.48,
      "508": 6.4
    }
  },
  "508": {
    "Position": "-520.0:17.0:-305.0",
    "Neighbours": {
      "507": 6.4,
      "510": 7.87,
      "509": 11.58
    }
  },
  "509": {
    "Position": "-522.0:14.0:-316.0",
    "Neighbours": {
      "512": 5.92,
      "510": 10.3,
      "508": 11.58
    }
  },
  "510": {
    "Position": "-527.0:14.0:-307.0",
    "Neighbours": {
      "511": 6.71,
      "508": 7.87,
      "509": 10.3
    }
  },
  "511": {
    "Position": "-532.0:12.0:-303.0",
    "Neighbours": {
      "510": 6.71,
      "518": 7.35
    }
  },
  "512": {
    "Position": "-525.0:13.0:-321.0",
    "Neighbours": {
      "509": 5.92,
      "513": 9.43
    }
  },
  "513": {
    "Position": "-533.0:10.0:-325.0",
    "Neighbours": {
      "514": 7.87,
      "512": 9.43
    }
  },
  "514": {
    "Position": "-540.0:8.0:-322.0",
    "Neighbours": {
      "513": 7.87,
      "515": 8.06
    }
  },
  "515": {
    "Position": "-545.0:6.0:-316.0",
    "Neighbours": {
      "514": 8.06,
      "516": 9.0,
      "197": 13.15
    }
  },
  "516": {
    "Position": "-545.0:6.0:-307.0",
    "Neighbours": {
      "517": 4.58,
      "515": 9.0,
      "197": 12.81
    }
  },
  "517": {
    "Position": "-543.0:7.0:-303.0",
    "Neighbours": {
      "516": 4.58,
      "518": 6.16,
      "519": 7.07
    }
  },
  "518": {
    "Position": "-538.0:9.0:-300.0",
    "Neighbours": {
      "519": 6.0,
      "517": 6.16,
      "511": 7.35
    }
  },
  "519": {
    "Position": "-542.0:7.0:-296.0",
    "Neighbours": {
      "520": 5.83,
      "521": 5.83,
      "518": 6.0,
      "517": 7.07
    }
  },
  "520": {
    "Position": "-545.0:7.0:-291.0",
    "Neighbours": {
      "519": 5.83,
      "555": 6.16,
      "522": 6.4,
      "521": 7.87
    }
  },
  "521": {
    "Position": "-538.0:10.0:-293.0",
    "Neighbours": {
      "519": 5.83,
      "520": 7.87,
      "506": 9.27
    }
  },
  "522": {
    "Position": "-541.0:7.0:-286.0",
    "Neighbours": {
      "523": 4.36,
      "520": 6.4,
      "555": 9.43
    }
  },
  "523": {
    "Position": "-538.0:6.0:-283.0",
    "Neighbours": {
      "522": 4.36,
      "524": 4.36
    }
  },
  "524": {
    "Position": "-535.0:7.0:-280.0",
    "Neighbours": {
      "523": 4.36,
      "525": 7.0,
      "526": 8.66
    }
  },
  "525": {
    "Position": "-538.0:9.0:-274.0",
    "Neighbours": {
      "527": 5.48,
      "524": 7.0,
      "526": 8.12
    }
  },
  "526": {
    "Position": "-530.0:8.0:-273.0",
    "Neighbours": {
      "528": 6.08,
      "525": 8.12,
      "524": 8.66
    }
  },
  "527": {
    "Position": "-543.0:10.0:-272.0",
    "Neighbours": {
      "525": 5.48,
      "549": 6.4
    }
  },
  "528": {
    "Position": "-529.0:8.0:-267.0",
    "Neighbours": {
      "526": 6.08,
      "529": 7.28
    }
  },
  "529": {
    "Position": "-533.0:7.0:-261.0",
    "Neighbours": {
      "530": 7.07,
      "528": 7.28
    }
  },
  "530": {
    "Position": "-538.0:4.0:-257.0",
    "Neighbours": {
      "531": 5.92,
      "529": 7.07
    }
  },
  "531": {
    "Position": "-543.0:3.0:-254.0",
    "Neighbours": {
      "530": 5.92,
      "532": 7.21
    }
  },
  "532": {
    "Position": "-549.0:3.0:-250.0",
    "Neighbours": {
      "533": 6.16,
      "531": 7.21,
      "534": 9.9
    }
  },
  "533": {
    "Position": "-555.0:4.0:-251.0",
    "Neighbours": {
      "535": 5.92,
      "532": 6.16,
      "534": 8.12
    }
  },
  "534": {
    "Position": "-556.0:3.0:-243.0",
    "Neighbours": {
      "536": 7.48,
      "533": 8.12,
      "532": 9.9
    }
  },
  "535": {
    "Position": "-558.0:5.0:-256.0",
    "Neighbours": {
      "547": 5.2,
      "533": 5.92,
      "545": 11.36
    }
  },
  "536": {
    "Position": "-562.0:5.0:-239.0",
    "Neighbours": {
      "537": 6.48,
      "534": 7.48
    }
  },
  "537": {
    "Position": "-567.0:6.0:-235.0",
    "Neighbours": {
      "536": 6.48,
      "538": 8.0,
      "539": 11.83
    }
  },
  "538": {
    "Position": "-575.0:6.0:-235.0",
    "Neighbours": {
      "539": 6.63,
      "540": 7.21,
      "537": 8.0
    }
  },
  "539": {
    "Position": "-577.0:8.0:-229.0",
    "Neighbours": {
      "538": 6.63,
      "560": 7.48,
      "537": 11.83
    }
  },
  "540": {
    "Position": "-579.0:6.0:-241.0",
    "Neighbours": {
      "538": 7.21,
      "541": 8.94
    }
  },
  "541": {
    "Position": "-583.0:6.0:-249.0",
    "Neighbours": {
      "542": 8.0,
      "540": 8.94
    }
  },
  "542": {
    "Position": "-583.0:6.0:-257.0",
    "Neighbours": {
      "541": 8.0,
      "543": 9.22
    }
  },
  "543": {
    "Position": "-577.0:6.0:-264.0",
    "Neighbours": {
      "544": 7.07,
      "542": 9.22
    }
  },
  "544": {
    "Position": "-570.0:6.0:-265.0",
    "Neighbours": {
      "545": 4.12,
      "543": 7.07
    }
  },
  "545": {
    "Position": "-566.0:6.0:-264.0",
    "Neighbours": {
      "544": 4.12,
      "546": 7.35,
      "535": 11.36
    }
  },
  "546": {
    "Position": "-559.0:7.0:-266.0",
    "Neighbours": {
      "547": 5.1,
      "548": 5.92,
      "545": 7.35
    }
  },
  "547": {
    "Position": "-559.0:6.0:-261.0",
    "Neighbours": {
      "546": 5.1,
      "535": 5.2
    }
  },
  "548": {
    "Position": "-554.0:10.0:-267.0",
    "Neighbours": {
      "546": 5.92,
      "549": 5.92
    }
  },
  "549": {
    "Position": "-549.0:11.0:-270.0",
    "Neighbours": {
      "550": 5.74,
      "548": 5.92,
      "527": 6.4
    }
  },
  "550": {
    "Position": "-554.0:13.0:-272.0",
    "Neighbours": {
      "551": 4.24,
      "549": 5.74
    }
  },
  "551": {
    "Position": "-558.0:14.0:-273.0",
    "Neighbours": {
      "550": 4.24,
      "552": 4.9,
      "553": 5.48
    }
  },
  "552": {
    "Position": "-560.0:16.0:-277.0",
    "Neighbours": {
      "551": 4.9,
      "194": 5.83,
      "553": 5.83
    }
  },
  "553": {
    "Position": "-563.0:16.0:-272.0",
    "Neighbours": {
      "554": 2.24,
      "551": 5.48,
      "552": 5.83
    }
  },
  "554": {
    "Position": "-565.0:17.0:-272.0",
    "Neighbours": {
      "553": 2.24,
      "98": 4.24,
      "99": 4.36
    }
  },
  "555": {
    "Position": "-550.0:9.0:-288.0",
    "Neighbours": {
      "556": 5.39,
      "520": 6.16,
      "522": 9.43
    }
  },
  "556": {
    "Position": "-555.0:11.0:-288.0",
    "Neighbours": {
      "555": 5.39,
      "558": 7.07,
      "557": 7.28
    }
  },
  "557": {
    "Position": "-561.0:15.0:-287.0",
    "Neighbours": {
      "194": 5.48,
      "556": 7.28,
      "195": 7.68
    }
  },
  "558": {
    "Position": "-560.0:11.0:-293.0",
    "Neighbours": {
      "559": 5.1,
      "556": 7.07
    }
  },
  "559": {
    "Position": "-561.0:11.0:-298.0",
    "Neighbours": {
      "196": 5.1,
      "558": 5.1
    }
  },
  "560": {
    "Position": "-583.0:12.0:-227.0",
    "Neighbours": {
      "561": 7.35,
      "539": 7.48
    }
  },
  "561": {
    "Position": "-584.0:14.0:-220.0",
    "Neighbours": {
      "563": 3.61,
      "560": 7.35,
      "575": 8.83
    }
  },
  "562": {
    "Position": "-577.0:14.0:-218.0",
    "Neighbours": {
      "563": 4.0,
      "564": 6.78
    }
  },
  "563": {
    "Position": "-581.0:14.0:-218.0",
    "Neighbours": {
      "561": 3.61,
      "562": 4.0
    }
  },
  "564": {
    "Position": "-571.0:17.0:-219.0",
    "Neighbours": {
      "562": 6.78,
      "565": 8.12
    }
  },
  "565": {
    "Position": "-564.0:21.0:-220.0",
    "Neighbours": {
      "566": 4.9,
      "564": 8.12
    }
  },
  "566": {
    "Position": "-560.0:23.0:-222.0",
    "Neighbours": {
      "565": 4.9,
      "567": 5.83
    }
  },
  "567": {
    "Position": "-555.0:23.0:-225.0",
    "Neighbours": {
      "568": 4.58,
      "566": 5.83,
      "569": 6.32,
      "668": 7.28
    }
  },
  "568": {
    "Position": "-551.0:25.0:-224.0",
    "Neighbours": {
      "567": 4.58,
      "668": 7.21
    }
  },
  "569": {
    "Position": "-557.0:23.0:-231.0",
    "Neighbours": {
      "567": 6.32,
      "570": 6.4,
      "571": 7.81
    }
  },
  "570": {
    "Position": "-559.0:22.0:-237.0",
    "Neighbours": {
      "92": 3.74,
      "569": 6.4,
      "91": 8.25
    }
  },
  "571": {
    "Position": "-553.0:20.0:-237.0",
    "Neighbours": {
      "92": 5.83,
      "569": 7.81,
      "93": 11.18
    }
  },
  "572": {
    "Position": "-542.0:16.0:-249.0",
    "Neighbours": {
      "93": 7.35,
      "573": 7.35,
      "574": 8.31
    }
  },
  "573": {
    "Position": "-535.0:15.0:-247.0",
    "Neighbours": {
      "574": 6.08,
      "572": 7.35
    }
  },
  "574": {
    "Position": "-535.0:14.0:-253.0",
    "Neighbours": {
      "573": 6.08,
      "572": 8.31
    }
  },
  "575": {
    "Position": "-591.0:19.0:-218.0",
    "Neighbours": {
      "576": 6.0,
      "561": 8.83
    }
  },
  "576": {
    "Position": "-595.0:21.0:-214.0",
    "Neighbours": {
      "575": 6.0,
      "577": 7.0
    }
  },
  "577": {
    "Position": "-597.0:24.0:-208.0",
    "Neighbours": {
      "576": 7.0,
      "578": 7.0
    }
  },
  "578": {
    "Position": "-595.0:27.0:-202.0",
    "Neighbours": {
      "579": 5.74,
      "577": 7.0
    }
  },
  "579": {
    "Position": "-590.0:29.0:-200.0",
    "Neighbours": {
      "582": 5.39,
      "578": 5.74,
      "580": 7.87
    }
  },
  "580": {
    "Position": "-584.0:34.0:-199.0",
    "Neighbours": {
      "583": 6.16,
      "579": 7.87,
      "581": 8.77
    }
  },
  "581": {
    "Position": "-582.0:31.0:-207.0",
    "Neighbours": {
      "582": 5.66,
      "580": 8.77
    }
  },
  "582": {
    "Position": "-586.0:31.0:-203.0",
    "Neighbours": {
      "579": 5.39,
      "581": 5.66
    }
  },
  "583": {
    "Position": "-578.0:35.0:-198.0",
    "Neighbours": {
      "584": 4.12,
      "580": 6.16
    }
  },
  "584": {
    "Position": "-575.0:37.0:-200.0",
    "Neighbours": {
      "583": 4.12,
      "585": 5.1
    }
  },
  "585": {
    "Position": "-571.0:40.0:-201.0",
    "Neighbours": {
      "84": 4.12,
      "584": 5.1,
      "586": 5.2
    }
  },
  "586": {
    "Position": "-570.0:41.0:-206.0",
    "Neighbours": {
      "84": 3.74,
      "255": 4.0,
      "585": 5.2
    }
  },
  "587": {
    "Position": "-562.0:46.0:-204.0",
    "Neighbours": {
      "83": 4.58,
      "84": 7.28,
      "667": 10.86
    }
  },
  "588": {
    "Position": "-563.0:20.0:-249.0",
    "Neighbours": {
      "96": 4.24,
      "92": 10.3
    }
  },
  "589": {
    "Position": "-582.0:33.0:-224.0",
    "Neighbours": {
      "87": 4.12,
      "88": 4.58,
      "90": 9.95
    }
  },
  "590": {
    "Position": "-580.0:38.0:-216.0",
    "Neighbours": {
      "86": 5.1,
      "87": 6.0
    }
  },
  "591": {
    "Position": "-547.0:75.0:-277.0",
    "Neighbours": {
      "592": 3.74,
      "303": 5.83
    }
  },
  "592": {
    "Position": "-549.0:74.0:-280.0",
    "Neighbours": {
      "591": 3.74,
      "593": 4.24,
      "299": 8.49
    }
  },
  "593": {
    "Position": "-550.0:73.0:-284.0",
    "Neighbours": {
      "592": 4.24,
      "341": 5.83,
      "299": 7.35
    }
  },
  "594": {
    "Position": "-562.0:72.0:-281.0",
    "Neighbours": {
      "340": 6.16,
      "341": 9.27,
      "595": 11.09
    }
  },
  "595": {
    "Position": "-563.0:73.0:-270.0",
    "Neighbours": {
      "596": 7.28,
      "594": 11.09
    }
  },
  "596": {
    "Position": "-563.0:75.0:-263.0",
    "Neighbours": {
      "597": 5.0,
      "595": 7.28
    }
  },
  "597": {
    "Position": "-560.0:75.0:-259.0",
    "Neighbours": {
      "672": 4.24,
      "596": 5.0,
      "599": 7.07,
      "258": 7.28
    }
  },
  "598": {
    "Position": "-565.0:78.0:-254.0",
    "Neighbours": {
      "672": 4.58,
      "601": 7.0,
      "600": 7.28,
      "258": 9.27,
      "596": 9.7
    }
  },
  "599": {
    "Position": "-553.0:75.0:-258.0",
    "Neighbours": {
      "257": 4.24,
      "597": 7.07
    }
  },
  "600": {
    "Position": "-571.0:79.0:-250.0",
    "Neighbours": {
      "602": 5.83,
      "601": 6.32,
      "598": 7.28
    }
  },
  "601": {
    "Position": "-571.0:81.0:-256.0",
    "Neighbours": {
      "600": 6.32,
      "598": 7.0,
      "332": 11.18
    }
  },
  "602": {
    "Position": "-574.0:79.0:-245.0",
    "Neighbours": {
      "600": 5.83,
      "603": 7.07
    }
  },
  "603": {
    "Position": "-574.0:80.0:-238.0",
    "Neighbours": {
      "602": 7.07,
      "604": 8.49
    }
  },
  "604": {
    "Position": "-572.0:82.0:-230.0",
    "Neighbours": {
      "605": 7.48,
      "603": 8.49
    }
  },
  "605": {
    "Position": "-568.0:84.0:-224.0",
    "Neighbours": {
      "262": 4.24,
      "604": 7.48
    }
  },
  "606": {
    "Position": "-548.0:101.0:-299.0",
    "Neighbours": {
      "607": 4.24,
      "59": 6.32
    }
  },
  "607": {
    "Position": "-547.0:102.0:-303.0",
    "Neighbours": {
      "606": 4.24
    }
  },
  "608": {
    "Position": "-551.0:76.0:-310.0",
    "Neighbours": {
      "609": 5.39,
      "286": 7.07
    }
  },
  "609": {
    "Position": "-554.0:78.0:-306.0",
    "Neighbours": {
      "608": 5.39,
      "610": 5.39,
      "611": 7.07
    }
  },
  "610": {
    "Position": "-559.0:80.0:-306.0",
    "Neighbours": {
      "609": 5.39,
      "613": 6.4,
      "611": 8.66
    }
  },
  "611": {
    "Position": "-554.0:79.0:-299.0",
    "Neighbours": {
      "612": 5.39,
      "609": 7.07,
      "673": 7.14,
      "610": 8.66
    }
  },
  "612": {
    "Position": "-552.0:79.0:-294.0",
    "Neighbours": {
      "611": 5.39,
      "341": 9.7
    }
  },
  "613": {
    "Position": "-563.0:80.0:-311.0",
    "Neighbours": {
      "610": 6.4,
      "614": 6.71
    }
  },
  "614": {
    "Position": "-568.0:82.0:-315.0",
    "Neighbours": {
      "279": 5.39,
      "613": 6.71
    }
  },
  "615": {
    "Position": "-555.0:101.0:-289.0",
    "Neighbours": {
      "273": 6.16,
      "678": 7.07,
      "616": 7.81,
      "617": 8.12,
      "58": 11.7
    }
  },
  "616": {
    "Position": "-561.0:101.0:-284.0",
    "Neighbours": {
      "615": 7.81,
      "274": 11.18
    }
  },
  "617": {
    "Position": "-556.0:100.0:-297.0",
    "Neighbours": {
      "60": 7.14,
      "615": 8.12,
      "273": 8.6
    }
  },
  "618": {
    "Position": "-530.0:102.0:-251.0",
    "Neighbours": {
      "619": 7.28,
      "270": 8.54
    }
  },
  "619": {
    "Position": "-534.0:101.0:-245.0",
    "Neighbours": {
      "620": 3.74,
      "618": 7.28
    }
  },
  "620": {
    "Position": "-537.0:100.0:-243.0",
    "Neighbours": {
      "619": 3.74,
      "266": 6.71
    }
  },
  "621": {
    "Position": "-622.0:9.0:-295.0",
    "Name": "Zealot",
    "Tags": [
      "grind_mobs"
    ],
    "Neighbours": {
      "110": 3.61,
      "143": 4.0,
      "155": 4.0,
      "142": 4.12
    }
  },
  "622": {
    "Position": "-506.0:102.0:-285.0",
    "Name": "Pearl Dealer",
    "Tags": [
      "npc"
    ],
    "Neighbours": {
      "623": 2.45,
      "2": 4.12
    }
  },
  "623": {
    "Position": "-508.0:101.0:-286.0",
    "Neighbours": {
      "622": 2.45,
      "4": 4.12
    }
  },
  "624": {
    "Position": "-608.0:23.0:-283.0",
    "Name": "Gregory",
    "Tags": [
      "npc",
      "dev"
    ],
    "Neighbours": {
      "107": 2.0,
      "105": 8.06
    }
  },
  "625": {
    "Position": "-524.0:102.0:-274.0",
    "Name": "Lone Adventurer",
    "Tags": [
      "npc",
      "dev"
    ],
    "Neighbours": {
      "271": 3.16
    }
  },
  "626": {
    "Position": "-598.0:6.0:-273.0",
    "Name": "Tyzzo",
    "Tags": [
      "npc"
    ],
    "Neighbours": {
      "191": 3.16,
      "627": 4.24
    }
  },
  "627": {
    "Position": "-601.0:6.0:-276.0",
    "Neighbours": {
      "191": 4.0,
      "626": 4.24,
      "192": 6.0
    }
  },
  "628": {
    "Position": "-535.0:102.0:-267.0",
    "Neighbours": {
      "272": 4.0,
      "629": 5.39,
      "57": 7.07,
      "271": 10.77
    }
  },
  "629": {
    "Position": "-540.0:100.0:-267.0",
    "Neighbours": {
      "630": 26.08,
      "550": 88.26
    }
  },
  "630": {
    "Position": "-540.0:74.0:-269.0",
    "Neighbours": {
      "641": 2.45,
      "304": 4.0,
      "302": 5.0
    }
  },
  "631": {
    "Position": "-541.0:64.0:-265.0",
    "Neighbours": {
      "632": 4.47
    }
  },
  "632": {
    "Position": "-543.0:60.0:-265.0",
    "Neighbours": {
      "635": 4.24,
      "633": 7.07
    }
  },
  "633": {
    "Position": "-548.0:60.0:-260.0",
    "Neighbours": {
      "634": 6.16,
      "632": 7.07
    }
  },
  "634": {
    "Position": "-554.0:59.0:-261.0",
    "Neighbours": {
      "633": 6.16
    }
  },
  "635": {
    "Position": "-542.0:59.0:-269.0",
    "Neighbours": {
      "640": 2.24,
      "632": 4.24
    }
  },
  "636": {
    "Position": "-543.0:47.0:-273.0",
    "Neighbours": {
      "638": 3.74,
      "637": 8.94
    }
  },
  "637": {
    "Position": "-551.0:47.0:-277.0",
    "Neighbours": {
      "636": 8.94
    }
  },
  "638": {
    "Position": "-541.0:46.0:-270.0",
    "Neighbours": {
      "639": 2.83,
      "636": 3.74
    }
  },
  "639": {
    "Position": "-541.0:44.0:-268.0",
    "Neighbours": {
      "642": 15.13
    }
  },
  "640": {
    "Position": "-542.0:58.0:-271.0",
    "Neighbours": {
      "638": 12.08
    }
  },
  "641": {
    "Position": "-541.0:73.0:-267.0",
    "Neighbours": {
      "631": 9.22
    }
  },
  "642": {
    "Position": "-541.0:29.0:-266.0",
    "Neighbours": {
      "95": 6.0
    }
  },
  "643": {
    "Position": "-632.0:15.0:-276.0",
    "Neighbours": {
      "149": 9.7,
      "150": 16.67,
      "247": 18.36
    }
  },
  "644": {
    "Position": "-657.0:17.0:-295.0",
    "Neighbours": {
      "160": 12.25
    }
  },
  "645": {
    "Position": "-696.0:21.0:-305.0",
    "Neighbours": {
      "417": 4.58,
      "653": 6.08,
      "646": 39.13
    }
  },
  "646": {
    "Position": "-723.0:42.0:-324.0",
    "Neighbours": {
      "650": 4.12,
      "649": 5.83,
      "647": 7.81,
      "652": 9.49
    }
  },
  "647": {
    "Position": "-717.0:42.0:-319.0",
    "Neighbours": {
      "418": 3.0,
      "651": 3.0,
      "646": 7.81,
      "648": 29.14
    }
  },
  "648": {
    "Position": "-701.0:19.0:-311.0",
    "Neighbours": {
      "416": 3.0,
      "417": 4.47
    }
  },
  "649": {
    "Position": "-720.0:42.0:-319.0",
    "Neighbours": {
      "651": 4.24,
      "418": 5.48,
      "646": 5.83
    }
  },
  "650": {
    "Position": "-724.0:42.0:-328.0",
    "Neighbours": {
      "646": 4.12,
      "651": 9.22
    }
  },
  "651": {
    "Position": "-717.0:42.0:-322.0",
    "Neighbours": {
      "647": 3.0,
      "649": 4.24,
      "650": 9.22
    }
  },
  "652": {
    "Position": "-720.0:42.0:-333.0",
    "Neighbours": {
      "646": 9.49
    }
  },
  "653": {
    "Position": "-695.0:21.0:-299.0",
    "Neighbours": {
      "645": 6.08
    }
  },
  "654": {
    "Position": "-701.0:17.0:-316.0",
    "Neighbours": {
      "132": 11.7
    }
  },
  "655": {
    "Position": "-687.0:19.0:-234.0",
    "Neighbours": {
      "487": 2.24,
      "658": 2.83,
      "656": 51.15
    }
  },
  "656": {
    "Position": "-721.0:57.0:-230.0",
    "Neighbours": {
      "488": 1.73,
      "657": 3.61
    }
  },
  "657": {
    "Position": "-723.0:57.0:-227.0",
    "Neighbours": {
      "656": 3.61,
      "658": 53.97
    }
  },
  "658": {
    "Position": "-685.0:19.0:-232.0",
    "Neighbours": {
      "655": 2.83,
      "487": 4.12
    }
  },
  "659": {
    "Position": "-671.0:33.0:-206.0",
    "Neighbours": {
      "661": 3.0,
      "386": 4.0,
      "663": 38.17
    }
  },
  "660": {
    "Position": "-656.0:27.0:-243.0",
    "Neighbours": {
      "663": 2.24,
      "388": 3.16,
      "661": 37.64
    }
  },
  "661": {
    "Position": "-671.0:33.0:-209.0",
    "Neighbours": {
      "659": 3.0,
      "387": 4.0,
      "386": 5.0
    }
  },
  "662": {
    "Position": "-665.0:32.0:-205.0",
    "Neighbours": {
      "386": 2.45,
      "385": 3.32
    }
  },
  "663": {
    "Position": "-657.0:27.0:-241.0",
    "Neighbours": {
      "388": 2.24,
      "660": 2.24,
      "659": 38.17
    }
  },
  "664": {
    "Position": "-608.0:85.0:-206.0",
    "Neighbours": {
      "437": 29.98,
      "439": 30.68
    }
  },
  "665": {
    "Position": "-540.0:53.0:-239.0",
    "Neighbours": {
      "666": 5.74
    }
  },
  "666": {
    "Position": "-536.0:49.0:-238.0",
    "Neighbours": {
      "474": 10.05
    }
  },
  "667": {
    "Position": "-563.0:40.0:-213.0",
    "Neighbours": {
      "670": 3.74,
      "255": 7.68,
      "85": 9.22
    }
  },
  "668": {
    "Position": "-555.0:25.0:-218.0",
    "Neighbours": {
      "568": 7.21,
      "567": 7.28
    }
  },
  "669": {
    "Position": "-557.0:32.0:-216.0",
    "Neighbours": {
      "668": 7.55
    }
  },
  "670": {
    "Position": "-560.0:38.0:-214.0",
    "Neighbours": {
      "669": 7.0
    }
  },
  "671": {
    "Position": "-568.0:28.0:-228.0",
    "Neighbours": {
      "90": 5.48,
      "91": 6.16
    }
  },
  "672": {
    "Position": "-561.0:76.0:-255.0",
    "Neighbours": {
      "597": 4.24,
      "598": 4.58
    }
  },
  "673": {
    "Position": "-559.0:80.0:-294.0",
    "Neighbours": {
      "674": 5.2,
      "611": 7.14
    }
  },
  "674": {
    "Position": "-564.0:81.0:-295.0",
    "Neighbours": {
      "673": 5.2,
      "338": 9.0
    }
  },
  "675": {
    "Position": "-582.0:94.0:-252.0",
    "Neighbours": {
      "329": 3.74,
      "328": 4.47
    }
  },
  "676": {
    "Position": "-582.0:93.0:-255.0",
    "Neighbours": {
      "330": 6.4
    }
  },
  "677": {
    "Position": "-565.0:102.0:-261.0",
    "Neighbours": {
      "322": 5.1,
      "321": 6.32,
      "327": 9.43
    }
  },
  "678": {
    "Position": "-555.0:102.0:-282.0",
    "Neighbours": {
      "679": 5.83,
      "616": 6.4,
      "615": 7.07,
      "58": 10.05
    }
  },
  "679": {
    "Position": "-560.0:102.0:-279.0",
    "Neighbours": {
      "678": 5.83,
      "274": 7.87
    }
  },
  "680": {
    "Position": "-576.0:102.0:-262.0",
    "Neighbours": {
      "322": 6.16,
      "681": 7.0,
      "683": 7.14
    }
  },
  "681": {
    "Position": "-582.0:104.0:-265.0",
    "Neighbours": {
      "682": 4.58,
      "680": 7.0
    }
  },
  "682": {
    "Position": "-586.0:105.0:-267.0",
    "Neighbours": {
      "681": 4.58,
      "683": 7.0
    }
  },
  "683": {
    "Position": "-583.0:103.0:-261.0",
    "Neighbours": {
      "684": 3.16,
      "680": 7.14
    }
  },
  "684": {
    "Position": "-583.0:102.0:-258.0",
    "Neighbours": {
      "676": 9.54
    }
  },
  "685": {
    "Position": "-567.0:83.0:-270.0",
    "Neighbours": {
      "332": 5.0,
      "686": 7.07,
      "595": 10.77
    }
  },
  "686": {
    "Position": "-572.0:83.0:-275.0",
    "Neighbours": {
      "687": 5.48,
      "685": 7.07,
      "333": 7.07
    }
  },
  "687": {
    "Position": "-574.0:84.0:-280.0",
    "Neighbours": {
      "686": 5.48,
      "688": 8.12
    }
  },
  "688": {
    "Position": "-570.0:83.0:-287.0",
    "Neighbours": {
      "689": 3.16,
      "687": 8.12
    }
  },
  "689": {
    "Position": "-567.0:82.0:-287.0",
    "Neighbours": {
      "340": 9.85
    }
  }
}